{
  "name": "Cabinet Refacing",
  "slug": "cabinet-refacing",
  "metaTitle": "Cabinet Refacing SEO Services | Enhance Your Local Visibility",
  "metaDescription": "Specialized SEO strategies for cabinet refacing businesses. Increase local visibility, attract more clients, and grow your business with our expert SEO techniques.",
  "headerImage": "/images/industries/cabinet-refacing-header.jpg",
  "extendedIntro": "<p class='text-lg mb-4'>Our Cabinet Refacing SEO services are tailored to help cabinet refacing businesses stand out in local markets. We focus on boosting your online visibility, attracting targeted customers, and improving your website’s rankings in competitive local searches.</p><p class='mb-4'>We understand the unique challenges faced by cabinet refacing businesses and leverage proven SEO strategies to enhance visibility, drive organic traffic, and help you convert leads into loyal clients. Our approach is designed to increase the online presence of your cabinet refacing business, ensuring that potential customers find you when they need your services the most.</p><p>We specialize in local SEO techniques that boost your rankings for terms like “cabinet refacing near me” or “kitchen cabinet remodels,” ensuring you are visible to customers searching for your services in your local area.</p>",
  "keyPhrases": [
    "Cabinet refacing SEO",
    "Local SEO for cabinet businesses",
    "Kitchen remodeling SEO",
    "SEO for home improvement businesses",
    "Refacing services SEO",
    "Local citations for cabinet refacing"
  ],
  "challenges": [
    "High competition in local markets",
    "Targeting highly specific local search queries",
    "Competing against larger remodeling companies",
    "Lack of online reviews and customer feedback",
    "Establishing trust and authority in a local market",
    "Creating relevant content for a niche audience"
  ],
  "extendedChallenges": "<p class='mb-4'>Cabinet refacing businesses face unique SEO challenges that require specialized solutions:</p><ul class='space-y-3 mb-6'><li class='flex items-start'><svg class='w-5 h-5 text-primary-main mr-2 flex-shrink-0 mt-0.5' fill='none' viewBox='0 0 24 24' stroke='currentColor'><path stroke-linecap='round' stroke-linejoin='round' stroke-width='2' d='M12 9v2m0 4h.01m-6.938 4h13.856c1.54 0 2.502-1.667 1.732-3L13.732 4c-.77-1.333-2.694-1.333-3.464 0L3.34 16c-.77 1.333.192 3 1.732 3z' /></svg><span><strong>Local Competition:</strong> In a service-based business like cabinet refacing, competing for local search visibility is a constant challenge, especially when many companies target the same geographic areas.</span></li><li class='flex items-start'><svg class='w-5 h-5 text-primary-main mr-2 flex-shrink-0 mt-0.5' fill='none' viewBox='0 0 24 24' stroke='currentColor'><path stroke-linecap='round' stroke-linejoin='round' stroke-width='2' d='M12 9v2m0 4h.01m-6.938 4h13.856c1.54 0 2.502-1.667 1.732-3L13.732 4c-.77-1.333-2.694-1.333-3.464 0L3.34 16c-.77 1.333.192 3 1.732 3z' /></svg><span><strong>Local Reviews and Reputation:</strong> Building a strong reputation with local reviews is key for gaining the trust of potential customers. Many businesses struggle to gather positive feedback consistently.</span></li><li class='flex items-start'><svg class='w-5 h-5 text-primary-main mr-2 flex-shrink-0 mt-0.5' fill='none' viewBox='0 0 24 24' stroke='currentColor'><path stroke-linecap='round' stroke-linejoin='round' stroke-width='2' d='M12 9v2m0 4h.01m-6.938 4h13.856c1.54 0 2.502-1.667 1.732-3L13.732 4c-.77-1.333-2.694-1.333-3.464 0L3.34 16c-.77 1.333.192 3 1.732 3z' /></svg><span><strong>Content Relevance:</strong> Generating content relevant to the needs of homeowners and people looking for kitchen remodeling services can be difficult for smaller cabinet refacing businesses.</span></li></ul><p>Our specialized SEO strategies are designed to address these unique challenges by focusing on local keyword optimization, building an authoritative online presence, and optimizing your website for conversion.</p>",
  "extendedApproach": "<p class='mb-6'>Our Cabinet Refacing SEO approach combines local SEO expertise with user-centered optimization strategies:</p><div class='space-y-6 mb-6'><div class='bg-primary-main/5 p-5 rounded-lg'><h3 class='font-semibold text-xl mb-2'>Local SEO for Cabinet Refacing</h3><p>We implement local SEO strategies that optimize your online presence for local searches. From Google My Business optimization to local citation building, we ensure your cabinet refacing business ranks higher in local searches.</p></div><div class='bg-primary-main/5 p-5 rounded-lg'><h3 class='font-semibold text-xl mb-2'>Customer Review Management</h3><p>We help build your online reputation by generating positive customer reviews, which are essential for establishing trust with potential clients and boosting your local rankings.</p></div><div class='bg-primary-main/5 p-5 rounded-lg'><h3 class='font-semibold text-xl mb-2'>Content Strategy for Cabinet Refacing</h3><p>Our content strategy focuses on creating high-quality content that resonates with your audience. We develop landing pages, blogs, and case studies that highlight your expertise in cabinet refacing and remodeling.</p></div><div class='bg-primary-main/5 p-5 rounded-lg'><h3 class='font-semibold text-xl mb-2'>Conversion Rate Optimization</h3><p>We optimize your website to enhance the user experience, improving lead generation and increasing the likelihood that visitors will contact you for cabinet refacing services.</p></div></div><p>Our comprehensive approach has helped numerous cabinet refacing businesses dominate their local markets and attract more clients seeking their services.</p>",
  "marketTrends": [
    {
      "title": "Local Search Growth",
      "description": "The increasing importance of local search results makes local SEO strategies more essential for cabinet refacing businesses looking to attract local customers."
    },
    {
      "title": "Home Improvement DIY Trends",
      "description": "As DIY home improvement projects grow in popularity, it's crucial for cabinet refacing businesses to position themselves as the professional choice for high-quality services."
    },
    {
      "title": "Mobile Search for Home Services",
      "description": "With more consumers searching for local services via mobile, having a mobile-optimized website and fast loading times is critical for cabinet refacing SEO."
    }
  ],
  "statistics": {
    "Average increase in local search rankings": "140%",
    "Average organic traffic growth": "115%",
    "Lead generation improvement": "135%",
    "Revenue growth from organic search": "200%"
  },
  "strategies": [
    {
      "name": "Local Keyword Optimization",
      "description": "We optimize your website and content to rank for relevant local keywords like 'cabinet refacing near me' and 'kitchen remodeling services.'"
    },
    {
      "name": "Google My Business Optimization",
      "description": "We ensure your Google My Business profile is complete, optimized, and regularly updated to increase your local visibility and rankings."
    },
    {
      "name": "Content Marketing for Cabinet Refacing",
      "description": "We create informative content that answers common customer queries and establishes your authority in the cabinet refacing and kitchen remodeling industry."
    },
    {
      "name": "Reputation Management & Review Generation",
      "description": "We help you manage your online reputation and generate positive reviews on platforms like Google, Yelp, and HomeAdvisor to enhance credibility and attract new clients."
    }
  ],
  "caseStudies": [
    {
      "title": "Cabinet Refacing Business Doubles Leads",
      "summary": "By optimizing a local cabinet refacing business’s SEO strategy, we doubled their organic leads within six months by focusing on local search rankings and review management.",
      "results": [
        "150% increase in organic traffic within 6 months",
        "80% increase in leads from organic search",
        "Ranked on the first page for 10+ high-value local keywords"
      ]
    },
    {
      "title": "Kitchen Remodeler Increases Revenue by 180%",
      "summary": "Our SEO strategy for a kitchen remodeler focused on local keywords, Google My Business optimization, and reputation management to increase their organic visibility and revenue.",
      "results": [
        "180% increase in organic revenue",
        "Top 3 rankings for 15+ local search terms",
        "30% increase in the number of customer inquiries"
      ]
    }
  ],
  "faq": [
    {
      "question": "How long does it take to see results from Cabinet Refacing SEO?",
      "answer": "Most cabinet refacing businesses see measurable improvements in local rankings within 3-4 months, with significant traffic growth occurring within 6 months."
    },
    {
      "question": "How do you improve local rankings for cabinet refacing businesses?",
      "answer": "We optimize for local search terms, enhance Google My Business profiles, and build local citations to improve visibility and attract local clients."
    },
    {
      "question": "What is the importance of online reviews for my business?",
      "answer": "Online reviews are crucial for building trust with potential clients. Positive reviews increase your credibility and improve your local search rankings."
    },
    {
      "question": "Do you optimize SEO for kitchen remodeling businesses?",
      "answer": "Yes, our strategies work for both cabinet refacing and broader kitchen remodeling businesses, ensuring that both types of services gain more online visibility."
    }
  ],
  "testimonials": [
    {
      "quote": "The team at [Company Name] helped us boost our local visibility and generate more leads through their tailored SEO strategies. Our website traffic has skyrocketed, and we are now the go-to cabinet refacing service in our area!",
      "author": "John Doe",
      "position": "Owner",
      "company": "Dream Kitchen Refacing"
    }
  ],
  "relatedServices": [
    "Local SEO",
    "Reputation Management",
    "Content Marketing",
    "Google My Business Optimization"
  ]
}
