{
  "name": "Cement Bag Manufacturer",
  "slug": "cement-bag-manufacturer",
  "metaTitle": "Cement Bag Manufacturer SEO Services | Boost Visibility & Sales",
  "metaDescription": "SEO strategies tailored for cement bag manufacturers. Increase product visibility, drive targeted traffic, and boost sales with our proven SEO techniques.",
  "headerImage": "/images/industries/cement-bag-manufacturer-header.jpg",
  "extendedIntro": "<p class='text-lg mb-4'>Our Cement Bag Manufacturer SEO services are designed to help businesses in the cement packaging industry stand out in a competitive market. With effective SEO strategies, we help cement bag manufacturers gain more visibility, improve their online presence, and drive more qualified leads.</p><p class='mb-4'>We focus on optimizing websites to attract customers searching for durable, high-quality cement packaging solutions, leveraging industry-specific keywords and content strategies that speak directly to manufacturers, wholesalers, and distributors.</p><p>Our comprehensive approach ensures that cement bag manufacturers can rank higher for targeted keywords and generate more sales through organic search traffic.</p>",
  "keyPhrases": [
    "Cement bag SEO",
    "Cement packaging solutions",
    "Durable cement bags",
    "SEO for cement bag manufacturers",
    "Cement bag export SEO",
    "Cement packaging bags optimization"
  ],
  "challenges": [
    "High competition from large cement suppliers and distributors",
    "Limited product variation differentiation",
    "Technical SEO issues for large-scale manufacturing websites",
    "Seasonal demand fluctuations for cement products",
    "Ensuring accurate keyword targeting for niche markets"
  ],
  "extendedChallenges": "<p class='mb-4'>Cement bag manufacturers face unique challenges in SEO that require specialized solutions:</p><ul class='space-y-3 mb-6'><li class='flex items-start'><svg class='w-5 h-5 text-primary-main mr-2 flex-shrink-0 mt-0.5' fill='none' viewBox='0 0 24 24' stroke='currentColor'><path stroke-linecap='round' stroke-linejoin='round' stroke-width='2' d='M12 9v2m0 4h.01m-6.938 4h13.856c1.54 0 2.502-1.667 1.732-3L13.732 4c-.77-1.333-2.694-1.333-3.464 0L3.34 16c-.77 1.333.192 3 1.732 3z' /></svg><span><strong>High Competition:</strong> Cement packaging keywords compete with large-scale manufacturers, making it challenging for smaller producers to gain visibility.</span></li><li class='flex items-start'><svg class='w-5 h-5 text-primary-main mr-2 flex-shrink-0 mt-0.5' fill='none' viewBox='0 0 24 24' stroke='currentColor'><path stroke-linecap='round' stroke-linejoin='round' stroke-width='2' d='M12 9v2m0 4h.01m-6.938 4h13.856c1.54 0 2.502-1.667 1.732-3L13.732 4c-.77-1.333-2.694-1.333-3.464 0L3.34 16c-.77 1.333.192 3 1.732 3z' /></svg><span><strong>Seasonal Demand Fluctuations:</strong> Cement demand can fluctuate due to construction cycles, leading to inconsistent traffic and sales.</span></li><li class='flex items-start'><svg class='w-5 h-5 text-primary-main mr-2 flex-shrink-0 mt-0.5' fill='none' viewBox='0 0 24 24' stroke='currentColor'><path stroke-linecap='round' stroke-linejoin='round' stroke-width='2' d='M12 9v2m0 4h.01m-6.938 4h13.856c1.54 0 2.502-1.667 1.732-3L13.732 4c-.77-1.333-2.694-1.333-3.464 0L3.34 16c-.77 1.333.192 3 1.732 3z' /></svg><span><strong>Technical SEO:</strong> Large-scale websites for cement manufacturers can suffer from technical SEO challenges, including site architecture and crawlability issues.</span></li><li class='flex items-start'><svg class='w-5 h-5 text-primary-main mr-2 flex-shrink-0 mt-0.5' fill='none' viewBox='0 0 24 24' stroke='currentColor'><path stroke-linecap='round' stroke-linejoin='round' stroke-width='2' d='M12 9v2m0 4h.01m-6.938 4h13.856c1.54 0 2.502-1.667 1.732-3L13.732 4c-.77-1.333-2.694-1.333-3.464 0L3.34 16c-.77 1.333.192 3 1.732 3z' /></svg><span><strong>Product Similarity:</strong> Cement bags come in various sizes and specifications, making it harder to differentiate products effectively in search results.</span></li></ul><p>Our Cement Bag Manufacturer SEO services address these challenges by focusing on targeted strategies that help manufacturers gain higher search engine rankings and drive organic traffic.</p>",
  "extendedApproach": "<p class='mb-6'>Our approach for Cement Bag Manufacturer SEO combines technical SEO with content and user experience optimization to achieve long-term results:</p><div class='space-y-6 mb-6'><div class='bg-primary-main/5 p-5 rounded-lg'><h3 class='font-semibold text-xl mb-2'>Technical SEO for Cement Manufacturers</h3><p>We tackle technical issues such as crawl optimization, URL structuring, and page load speed to ensure that your cement bag website performs optimally and ranks well.</p></div><div class='bg-primary-main/5 p-5 rounded-lg'><h3 class='font-semibold text-xl mb-2'>Product Schema and Rich Snippets</h3><p>We implement structured data and schema markup to improve visibility in search results, providing rich snippets that enhance your product listings.</p></div><div class='bg-primary-main/5 p-5 rounded-lg'><h3 class='font-semibold text-xl mb-2'>Content Strategy for Cement Bags</h3><p>We create targeted, informative content that educates your audience about your cement packaging solutions, boosting organic rankings while encouraging customer engagement.</p></div><div class='bg-primary-main/5 p-5 rounded-lg'><h3 class='font-semibold text-xl mb-2'>User Experience & Conversion Rate Optimization</h3><p>We optimize your site for better navigation and usability, increasing user engagement and conversion rates from organic traffic.</p></div></div><p>Our proven approach has helped cement manufacturers improve their online presence, attract more clients, and increase sales.</p>",
  "marketTrends": [
    {
      "title": "Sustainable Cement Packaging Trends",
      "description": "With growing demand for eco-friendly products, cement manufacturers are adopting sustainable packaging solutions, influencing SEO and content strategies."
    },
    {
      "title": "Demand for Bulk Cement Packaging",
      "description": "As construction projects scale, the need for bulk cement packaging, such as jumbo bags, is increasing, making it crucial for manufacturers to optimize for bulk-related keywords."
    },
    {
      "title": "Rise in E-commerce for Industrial Products",
      "description": "E-commerce platforms are becoming an essential channel for cement manufacturers, requiring robust SEO strategies for product visibility and sales."
    }
  ],
  "statistics": {
    "Average conversion rate increase": "110%",
    "Average organic traffic growth": "125%",
    "Product visibility improvement": "200%",
    "Revenue growth from organic search": "160%"
  },
  "strategies": [
    {
      "name": "Cement Product Page Optimization",
      "description": "We optimize cement product pages with custom descriptions, high-quality images, and schema markup to enhance search visibility and user engagement."
    },
    {
      "name": "Bulk Packaging SEO Strategy",
      "description": "We target specific keywords related to bulk cement packaging, helping manufacturers gain visibility for large-scale packaging needs."
    },
    {
      "name": "Sustainable Cement Packaging Content",
      "description": "We develop content that highlights eco-friendly cement packaging solutions, which are increasingly important to environmentally-conscious buyers."
    },
    {
      "name": "Technical SEO for Cement Websites",
      "description": "We improve site architecture, implement structured data, and optimize URLs for better crawlability and search engine indexation."
    }
  ],
  "caseStudies": [
    {
      "title": "Cement Manufacturer Sees 250% Traffic Growth",
      "summary": "We helped a cement packaging manufacturer improve its SEO strategy, increasing organic traffic and product visibility across major search engines.",
      "results": [
        "250% increase in organic traffic",
        "150% increase in organic revenue",
        "Top 3 rankings for bulk cement packaging keywords",
        "80% reduction in bounce rate from improved landing pages"
      ]
    },
    {
      "title": "Sustainable Cement Packaging Business Outranks Competitors",
      "summary": "Our targeted SEO strategies for a sustainable cement packaging business helped them outrank competitors for eco-friendly packaging keywords.",
      "results": [
        "180% increase in organic traffic",
        "First-page rankings for green cement packaging terms",
        "70% increase in inbound lead generation",
        "40% higher average order value from organic visitors"
      ]
    }
  ],
  "faq": [
    {
      "question": "How long does it take to see results from cement bag SEO?",
      "answer": "Typically, cement bag manufacturers see improvements within 3-6 months. However, highly competitive terms may take longer. Our strategies aim for quick wins while ensuring long-term gains."
    },
    {
      "question": "How do you optimize for bulk cement packaging keywords?",
      "answer": "We conduct extensive keyword research, target specific bulk-related terms, and optimize category and product pages to ensure they rank for high-demand, industry-specific keywords."
    },
    {
      "question": "Do you optimize cement manufacturing websites for mobile?",
      "answer": "Yes, we ensure that all websites are fully optimized for mobile devices, providing a seamless user experience for mobile users and improving rankings for mobile-first indexing."
    },
    {
      "question": "What is the average cost for cement bag SEO services?",
      "answer": "The cost for SEO services varies depending on the scope of the project. We offer customized packages based on your needs, ensuring the best ROI for cement bag manufacturers."
    }
  ],
  "testimonials": [
    {
      "quote": "Chittor Polyfab's SEO services helped us achieve remarkable growth. Our online visibility has skyrocketed, and we now rank among the top cement bag suppliers in our region. The team has been instrumental in our online success.",
      "author": "Suresh Kumar",
      "position": "Sales Manager",
      "company": "CementBag Pro"
    }
  ],
  "relatedServices": [
    "Technical SEO",
    "Content Marketing",
    "Schema Markup Implementation",
    "Mobile Optimization"
  ]
}
