{
  "name": "Cold Storage Business",
  "slug": "cold-storage-business",
  "metaTitle": "Cold Storage Business SEO Services | Optimize Your Storage Facility Visibility",
  "metaDescription": "Specialized SEO strategies for cold storage businesses. Increase visibility, drive targeted leads, and grow your cold storage operations with our proven optimization techniques.",
  "headerImage": "/images/industries/cold-storage-header.jpg",
  "extendedIntro": "<p class='text-lg mb-4'>Our Cold Storage Business SEO services are specifically designed to address the unique challenges and opportunities in the cold storage and logistics industry. In a market where visibility and trust are paramount, we ensure that your cold storage facility stands out to potential clients and partners.</p><p class='mb-4'>We combine technical expertise, content strategy, and local SEO to create customized campaigns that boost your visibility, attract high-quality leads, and enhance your online presence across competitive markets.</p><p>Our approach is tailored to cold storage businesses, including temperature-controlled warehousing and logistics services, ensuring that you rank effectively for industry-specific and location-based keywords.</p>",
  "keyPhrases": [
    "Cold storage facility SEO",
    "Cold storage warehouse optimization",
    "Cold storage SEO services",
    "Temperature-controlled logistics SEO",
    "Cold chain logistics SEO",
    "Warehouse SEO strategies"
  ],
  "challenges": [
    "High competition in local search results",
    "Establishing credibility and trust in the cold storage industry",
    "Creating content that appeals to both B2B and B2C customers",
    "Seasonal variations in demand for cold storage services",
    "Technical challenges with large-scale warehouse operations"
  ],
  "extendedChallenges": "<p class='mb-4'>Cold storage businesses face unique SEO challenges that require specialized solutions:</p><ul class='space-y-3 mb-6'><li class='flex items-start'><svg class='w-5 h-5 text-primary-main mr-2 flex-shrink-0 mt-0.5' fill='none' viewBox='0 0 24 24' stroke='currentColor'><path stroke-linecap='round' stroke-linejoin='round' stroke-width='2' d='M12 9v2m0 4h.01m-6.938 4h13.856c1.54 0 2.502-1.667 1.732-3L13.732 4c-.77-1.333-2.694-1.333-3.464 0L3.34 16c-.77 1.333.192 3 1.732 3z' /></svg><span><strong>Local Competition:</strong> Many cold storage facilities compete within localized search markets, making local SEO strategies critical for success.</span></li><li class='flex items-start'><svg class='w-5 h-5 text-primary-main mr-2 flex-shrink-0 mt-0.5' fill='none' viewBox='0 0 24 24' stroke='currentColor'><path stroke-linecap='round' stroke-linejoin='round' stroke-width='2' d='M12 9v2m0 4h.01m-6.938 4h13.856c1.54 0 2.502-1.667 1.732-3L13.732 4c-.77-1.333-2.694-1.333-3.464 0L3.34 16c-.77 1.333.192 3 1.732 3z' /></svg><span><strong>Content Creation:</strong> Crafting informative, valuable content tailored to the needs of both commercial and private clients is essential for cold storage facilities.</span></li><li class='flex items-start'><svg class='w-5 h-5 text-primary-main mr-2 flex-shrink-0 mt-0.5' fill='none' viewBox='0 0 24 24' stroke='currentColor'><path stroke-linecap='round' stroke-linejoin='round' stroke-width='2' d='M12 9v2m0 4h.01m-6.938 4h13.856c1.54 0 2.502-1.667 1.732-3L13.732 4c-.77-1.333-2.694-1.333-3.464 0L3.34 16c-.77 1.333.192 3 1.732 3z' /></svg><span><strong>Seasonal Demand Variations:</strong> Cold storage businesses experience fluctuations in demand based on seasonality, which requires a flexible SEO strategy to account for peak times.</span></li><li class='flex items-start'><svg class='w-5 h-5 text-primary-main mr-2 flex-shrink-0 mt-0.5' fill='none' viewBox='0 0 24 24' stroke='currentColor'><path stroke-linecap='round' stroke-linejoin='round' stroke-width='2' d='M12 9v2m0 4h.01m-6.938 4h13.856c1.54 0 2.502-1.667 1.732-3L13.732 4c-.77-1.333-2.694-1.333-3.464 0L3.34 16c-.77 1.333.192 3 1.732 3z' /></svg><span><strong>Large-scale Operations:</strong> Managing a large cold storage facility presents technical SEO challenges related to site structure and proper crawlability for search engines.</span></li></ul><p>Our Cold Storage Business SEO services address these challenges through specialized strategies designed to maximize your facility’s online visibility and customer engagement.</p>",
  "extendedApproach": "<p class='mb-6'>Our Cold Storage Business SEO approach integrates advanced techniques with content strategy to create a comprehensive solution:</p><div class='space-y-6 mb-6'><div class='bg-primary-main/5 p-5 rounded-lg'><h3 class='font-semibold text-xl mb-2'>Local SEO Optimization</h3><p>We implement targeted local SEO strategies to ensure your cold storage business ranks for geographically relevant keywords, helping you attract local customers and partners.</p></div><div class='bg-primary-main/5 p-5 rounded-lg'><h3 class='font-semibold text-xl mb-2'>Website Structure Optimization</h3><p>We enhance your website’s structure for better user experience, ensuring easy navigation, fast loading speeds, and optimized call-to-actions to convert visitors into leads.</p></div><div class='bg-primary-main/5 p-5 rounded-lg'><h3 class='font-semibold text-xl mb-2'>Content Strategy for Cold Storage</h3><p>We create tailored content strategies to help your business engage both B2B and B2C customers, from in-depth service pages to case studies and blog posts that highlight your expertise in cold storage logistics.</p></div><div class='bg-primary-main/5 p-5 rounded-lg'><h3 class='font-semibold text-xl mb-2'>Conversion Rate Optimization</h3><p>Our approach focuses on increasing website conversions by ensuring that your cold storage business’s online presence aligns with customer intent and delivers a seamless user experience.</p></div></div><p>By addressing both technical SEO and content optimization, we help your cold storage business gain higher visibility and improve lead generation in competitive markets.</p>",
  "marketTrends": [
    {
      "title": "IoT in Cold Storage Management",
      "description": "The integration of Internet of Things (IoT) technologies in cold storage facilities is improving operational efficiency. Optimizing for IoT-related search terms is essential for businesses in this industry."
    },
    {
      "title": "Sustainability in Cold Storage",
      "description": "With a growing focus on sustainability, cold storage businesses are adopting eco-friendly technologies. Highlighting your sustainable practices can boost visibility and appeal to environmentally conscious customers."
    },
    {
      "title": "Cold Chain Logistics Optimization",
      "description": "As e-commerce continues to grow, optimizing cold chain logistics for better delivery times and efficiency is crucial. SEO strategies should focus on keywords related to efficient cold storage and logistics."
    }
  ],
  "statistics": {
    "Average lead generation increase": "105%",
    "Average website traffic growth": "142%",
    "Customer retention improvement": "89%",
    "Revenue growth from SEO efforts": "165%"
  },
  "strategies": [
    {
      "name": "Local SEO for Cold Storage",
      "description": "We optimize your cold storage business for local searches by targeting geographically relevant keywords, ensuring your facility ranks in local searches for high-quality leads."
    },
    {
      "name": "Website Performance & User Experience",
      "description": "We ensure your website’s performance is optimized for speed, user-friendliness, and mobile-friendliness, improving both SEO and conversion rates."
    },
    {
      "name": "Content Development for Cold Storage",
      "description": "We produce engaging content, including case studies, blog posts, and detailed service pages that showcase your cold storage expertise and build trust with customers."
    },
    {
      "name": "Technical SEO for Cold Storage Operations",
      "description": "We focus on optimizing large-scale operations with advanced technical SEO strategies, ensuring proper crawlability and indexation of your facility’s services."
    }
  ],
  "caseStudies": [
    {
      "title": "Cold Storage Facility Sees 160% Increase in Leads",
      "summary": "We helped a leading cold storage business improve its online visibility and lead generation by implementing localized SEO strategies and technical optimizations for large-scale operations.",
      "results": [
        "160% increase in organic leads",
        "120% growth in website traffic",
        "45% higher conversion rates from organic search",
        "Improved rankings for high-demand cold storage keywords"
      ]
    },
    {
      "title": "Cold Chain Logistics Provider Achieves Top Rankings",
      "summary": "By targeting niche keywords related to cold chain logistics, we helped a client outrank competitors and secure top positions for industry-specific search terms.",
      "results": [
        "130% increase in organic search visibility",
        "75% growth in traffic from long-tail keywords",
        "50% higher click-through rates from search engine results",
        "100% increase in inbound leads"
      ]
    }
  ],
  "faq": [
    {
      "question": "How do you handle cold storage SEO for large facilities?",
      "answer": "We optimize your cold storage business by implementing structured data, handling crawl budgets effectively, and ensuring that the site architecture supports large-scale operations for improved visibility and performance."
    },
    {
      "question": "How long does it take to see results from cold storage SEO?",
      "answer": "Typically, cold storage businesses start seeing improvements in visibility and traffic within 3-6 months. However, the results can vary depending on competition, website optimization, and content quality."
    },
    {
      "question": "Can you help with local SEO for my cold storage business?",
      "answer": "Yes, we specialize in local SEO, optimizing your cold storage business for geographic-specific keywords and improving visibility on local search results to attract regional customers."
    },
    {
      "question": "How do you measure the success of cold storage SEO?",
      "answer": "We measure success by tracking lead generation, organic traffic growth, keyword rankings, and conversion rates. Our detailed reports provide clear insights into your SEO performance."
    }
  ],
  "testimonials": [
    {
      "quote": "Our cold storage facility's visibility has greatly improved since we started working with the SEO team. Their expertise in local SEO and content strategy has brought us many new clients.",
      "author": "Rajesh Mehta",
      "position": "Marketing Director",
      "company": "Cold Storage Logistics"
    }
  ],
  "relatedServices": [
    "Local SEO",
    "Content SEO",
    "Technical SEO",
    "Mobile SEO"
  ]
}
