{
  "name": "Dry Cleaning Business",
  "slug": "dry-cleaning",
  "metaTitle": "Dry Cleaning Business SEO Services | Enhance Local Visibility",
  "metaDescription": "Specialized SEO strategies for dry cleaning businesses. Boost local rankings, drive targeted traffic, and attract more customers with proven optimization techniques.",
  "headerImage": "/images/industries/dry-cleaning-header.jpg",
  "extendedIntro": "<p class='text-lg mb-4'>Our Dry Cleaning Business SEO services are designed to help you enhance your online presence and attract more customers. In the competitive dry cleaning industry, local SEO is essential to ensure your business is visible to those who need your services the most.</p><p class='mb-4'>We specialize in optimizing your website for search engines to improve local rankings, drive traffic, and increase customer conversions. Whether you are a small local dry cleaner or a large chain, our strategies are tailored to your specific business needs, ensuring your success in the market.</p><p>Our approach focuses on local SEO techniques, Google My Business optimization, and targeted keyword strategies to make your dry cleaning service easy to find by potential customers in your area.</p>",
  "keyPhrases": [
    "Local SEO for dry cleaning businesses",
    "Google My Business optimization",
    "Dry cleaning website optimization",
    "Dry cleaning SEO strategies",
    "On-page SEO for dry cleaners",
    "Targeted SEO for local service providers"
  ],
  "challenges": [
    "High local competition for dry cleaning services",
    "Establishing strong local brand visibility",
    "Optimizing for mobile users and local search intent",
    "Handling customer reviews and reputation management",
    "Balancing SEO strategies with customer experience"
  ],
  "extendedChallenges": "<p class='mb-4'>Dry cleaning businesses face specific challenges in the local SEO landscape, including:</p><ul class='space-y-3 mb-6'><li class='flex items-start'><svg class='w-5 h-5 text-primary-main mr-2 flex-shrink-0 mt-0.5' fill='none' viewBox='0 0 24 24' stroke='currentColor'><path stroke-linecap='round' stroke-linejoin='round' stroke-width='2' d='M12 9v2m0 4h.01m-6.938 4h13.856c1.54 0 2.502-1.667 1.732-3L13.732 4c-.77-1.333-2.694-1.333-3.464 0L3.34 16c-.77 1.333.192 3 1.732 3z' /></svg><span><strong>Local Competition:</strong> With numerous dry cleaning services in local areas, distinguishing your business from competitors is crucial for attracting clients.</span></li><li class='flex items-start'><svg class='w-5 h-5 text-primary-main mr-2 flex-shrink-0 mt-0.5' fill='none' viewBox='0 0 24 24' stroke='currentColor'><path stroke-linecap='round' stroke-linejoin='round' stroke-width='2' d='M12 9v2m0 4h.01m-6.938 4h13.856c1.54 0 2.502-1.667 1.732-3L13.732 4c-.77-1.333-2.694-1.333-3.464 0L3.34 16c-.77 1.333.192 3 1.732 3z' /></svg><span><strong>Customer Reviews:</strong> Managing customer feedback and ensuring positive reviews on platforms like Google My Business can heavily influence local rankings and reputation.</span></li><li class='flex items-start'><svg class='w-5 h-5 text-primary-main mr-2 flex-shrink-0 mt-0.5' fill='none' viewBox='0 0 24 24' stroke='currentColor'><path stroke-linecap='round' stroke-linejoin='round' stroke-width='2' d='M12 9v2m0 4h.01m-6.938 4h13.856c1.54 0 2.502-1.667 1.732-3L13.732 4c-.77-1.333-2.694-1.333-3.464 0L3.34 16c-.77 1.333.192 3 1.732 3z' /></svg><span><strong>Mobile Optimization:</strong> Customers increasingly search for dry cleaning services on mobile devices. Ensuring your website is mobile-friendly is key for user experience and SEO performance.</span></li><li class='flex items-start'><svg class='w-5 h-5 text-primary-main mr-2 flex-shrink-0 mt-0.5' fill='none' viewBox='0 0 24 24' stroke='currentColor'><path stroke-linecap='round' stroke-linejoin='round' stroke-width='2' d='M12 9v2m0 4h.01m-6.938 4h13.856c1.54 0 2.502-1.667 1.732-3L13.732 4c-.77-1.333-2.694-1.333-3.464 0L3.34 16c-.77 1.333.192 3 1.732 3z' /></svg><span><strong>Brand Visibility:</strong> Increasing visibility in search results, especially for local dry cleaners, requires a focused SEO strategy targeting relevant keywords and location-based search queries.</span></li></ul><p>Our Dry Cleaning SEO services are tailored to address these unique challenges with effective, result-driven strategies.</p>",
  "extendedApproach": "<p class='mb-6'>Our Dry Cleaning SEO approach combines local SEO techniques with content strategy and technical optimization:</p><div class='space-y-6 mb-6'><div class='bg-primary-main/5 p-5 rounded-lg'><h3 class='font-semibold text-xl mb-2'>Local SEO Optimization</h3><p>We optimize your Google My Business profile, ensuring that your dry cleaning business appears in local searches, Google Maps, and local packs. We also focus on local keyword targeting to ensure your business ranks for terms like 'dry cleaner near me' and 'best dry cleaning in [city name].'</p></div><div class='bg-primary-main/5 p-5 rounded-lg'><h3 class='font-semibold text-xl mb-2'>On-Page SEO for Dry Cleaners</h3><p>We optimize your website's pages by implementing best practices for title tags, meta descriptions, and internal linking. Our on-page SEO strategies improve your rankings for high-intent search queries that drive local customers.</p></div><div class='bg-primary-main/5 p-5 rounded-lg'><h3 class='font-semibold text-xl mb-2'>Content Creation & Blog Strategy</h3><p>We develop blog posts and service-related content that answer common customer questions, provide value, and improve your website's authority. Content is key to attracting potential customers searching for local dry cleaning services.</p></div><div class='bg-primary-main/5 p-5 rounded-lg'><h3 class='font-semibold text-xl mb-2'>Reputation Management</h3><p>We help manage and improve your online reputation by responding to reviews and leveraging positive customer feedback on platforms like Google Reviews and Yelp. A strong reputation boosts local SEO performance and builds trust.</p></div></div><p>Our strategy has helped numerous dry cleaning businesses grow their local presence and attract more customers through highly targeted SEO techniques.</p>",
  "marketTrends": [
    {
      "title": "Mobile Search Dominance",
      "description": "More than 50% of local searches are made via mobile devices. Dry cleaning businesses must ensure their websites are fully optimized for mobile users."
    },
    {
      "title": "Local Service Search Growth",
      "description": "Local searches for services like 'dry cleaner near me' continue to rise, making it increasingly important for businesses to target localized SEO efforts."
    },
    {
      "title": "Customer Review Impact",
      "description": "Online reviews are crucial for local businesses. Positive reviews not only influence potential customers but also improve local search rankings."
    }
  ],
  "statistics": {
    "Average local SEO improvement": "189%",
    "Average increase in website traffic": "142%",
    "Average improvement in customer engagement": "150%",
    "Revenue growth from organic search": "120%"
  },
  "strategies": [
    {
      "name": "Google My Business Optimization",
      "description": "We enhance your GMB profile with accurate business information, photos, and regular posts to boost local visibility and search rankings."
    },
    {
      "name": "Local Keyword Targeting",
      "description": "We optimize your website for local keywords, ensuring your business ranks high for queries like 'dry cleaner in [city name]' or 'best dry cleaning near me.'"
    },
    {
      "name": "Reputation Management & Reviews",
      "description": "We implement strategies to encourage positive customer reviews and manage your reputation across key review platforms like Google Reviews, Yelp, and Facebook."
    },
    {
      "name": "Content Strategy for Local SEO",
      "description": "We create location-based content, including blog posts and service pages, to answer customer queries and enhance your local authority in search results."
    }
  ],
  "caseStudies": [
    {
      "title": "Local Dry Cleaner Boosts Foot Traffic by 200%",
      "summary": "We helped a local dry cleaning business rank for highly competitive local keywords and improve its Google My Business profile, resulting in a 200% increase in foot traffic.",
      "results": [
        "200% increase in foot traffic within 6 months",
        "145% increase in website visits from local search",
        "Featured in local search results for multiple high-value keywords"
      ]
    },
    {
      "title": "Chain of Dry Cleaners Achieves Top Local Ranking",
      "summary": "Our targeted local SEO strategy helped a chain of dry cleaners achieve top rankings for their service areas, leading to more customer inquiries and conversions.",
      "results": [
        "Ranked #1 for 'dry cleaner near me' in 5+ cities",
        "180% increase in local search traffic",
        "Increase in customer bookings through organic search"
      ]
    }
  ],
  "faq": [
    {
      "question": "How long does it take to see results from dry cleaning SEO?",
      "answer": "Typically, local SEO improvements are noticeable within 2-3 months, with more significant traffic increases occurring in 4-6 months. Competitive areas may require longer but we aim for quick wins alongside long-term results."
    },
    {
      "question": "Do you offer services for multi-location dry cleaning businesses?",
      "answer": "Yes, we specialize in SEO for multi-location businesses. Our strategies can be customized to optimize each location’s online presence and improve visibility in each service area."
    },
    {
      "question": "How do you improve our dry cleaning business’s reputation online?",
      "answer": "We help you manage and grow your online reputation by encouraging positive reviews, responding to customer feedback, and implementing strategies to address any negative reviews in a professional manner."
    },
    {
      "question": "Can you optimize our dry cleaning website for mobile users?",
      "answer": "Yes, we ensure your website is fully responsive and optimized for mobile users, improving user experience and search rankings."
    }
  ],
  "testimonials": [
    {
      "quote": "Thanks to their local SEO strategy, we saw a huge increase in customers finding our dry cleaning services online. The improvements in our Google My Business profile and website visibility were incredible. We’ve experienced a noticeable increase in walk-in traffic and bookings.",
      "author": "Rita Mehta",
      "position": "Owner",
      "company": "Mehta’s Dry Cleaning"
    }
  ],
  "relatedServices": [
    "Local SEO",
    "Reputation Management",
    "Mobile SEO Optimization",
    "Content Marketing"
  ]
}
