{
  "name": "E-commerce",
  "slug": "e-commerce",
  "metaTitle": "E-commerce SEO Services | Boost Online Store Visibility",
  "metaDescription": "Specialized SEO strategies for e-commerce businesses. Increase product visibility, drive targeted traffic, and boost sales with our proven optimization techniques.",
  "headerImage": "/images/industries/e-commerce-header.jpg",
  "extendedIntro": "<p class='text-lg mb-4'>Our E-commerce SEO services are specifically designed to address the unique challenges and opportunities of online stores. In the competitive e-commerce landscape, visibility is crucial for driving sales and revenue growth.</p><p class='mb-4'>We combine technical expertise with content strategy and user experience optimization to create comprehensive SEO campaigns that boost product visibility, increase organic traffic, and improve conversion rates for e-commerce businesses of all sizes.</p><p>Our approach is tailored to the specific needs of e-commerce platforms including Shopify, WooCommerce, Magento, and custom solutions, ensuring that your online store ranks effectively for commercially valuable keywords.</p>",
  "keyPhrases": [
    "Product page optimization",
    "E-commerce schema markup",
    "Category page SEO",
    "Shopping feed optimization",
    "Conversion rate enhancement",
    "User experience improvement"
  ],
  "challenges": [
    "High competition for product keywords",
    "Duplicate content issues across product variations",
    "Complex site architecture and crawlability problems",
    "Balancing SEO needs with conversion optimization",
    "Seasonal traffic fluctuations",
    "Integration with marketplace platforms"
  ],
  "extendedChallenges": "<p class='mb-4'>E-commerce businesses face unique SEO challenges that require specialized solutions:</p><ul class='space-y-3 mb-6'><li class='flex items-start'><svg class='w-5 h-5 text-primary-main mr-2 flex-shrink-0 mt-0.5' fill='none' viewBox='0 0 24 24' stroke='currentColor'><path stroke-linecap='round' stroke-linejoin='round' stroke-width='2' d='M12 9v2m0 4h.01m-6.938 4h13.856c1.54 0 2.502-1.667 1.732-3L13.732 4c-.77-1.333-2.694-1.333-3.464 0L3.34 16c-.77 1.333.192 3 1.732 3z' /></svg><span><strong>High Competition:</strong> Product-related keywords often face intense competition from major retailers and marketplaces like Amazon and eBay.</span></li><li class='flex items-start'><svg class='w-5 h-5 text-primary-main mr-2 flex-shrink-0 mt-0.5' fill='none' viewBox='0 0 24 24' stroke='currentColor'><path stroke-linecap='round' stroke-linejoin='round' stroke-width='2' d='M12 9v2m0 4h.01m-6.938 4h13.856c1.54 0 2.502-1.667 1.732-3L13.732 4c-.77-1.333-2.694-1.333-3.464 0L3.34 16c-.77 1.333.192 3 1.732 3z' /></svg><span><strong>Duplicate Content:</strong> Product variations, filter pages, and similar products often create significant duplicate content issues.</span></li><li class='flex items-start'><svg class='w-5 h-5 text-primary-main mr-2 flex-shrink-0 mt-0.5' fill='none' viewBox='0 0 24 24' stroke='currentColor'><path stroke-linecap='round' stroke-linejoin='round' stroke-width='2' d='M12 9v2m0 4h.01m-6.938 4h13.856c1.54 0 2.502-1.667 1.732-3L13.732 4c-.77-1.333-2.694-1.333-3.464 0L3.34 16c-.77 1.333.192 3 1.732 3z' /></svg><span><strong>Technical Complexity:</strong> Large product catalogs create crawl budget issues and indexation challenges that can prevent proper visibility.</span></li><li class='flex items-start'><svg class='w-5 h-5 text-primary-main mr-2 flex-shrink-0 mt-0.5' fill='none' viewBox='0 0 24 24' stroke='currentColor'><path stroke-linecap='round' stroke-linejoin='round' stroke-width='2' d='M12 9v2m0 4h.01m-6.938 4h13.856c1.54 0 2.502-1.667 1.732-3L13.732 4c-.77-1.333-2.694-1.333-3.464 0L3.34 16c-.77 1.333.192 3 1.732 3z' /></svg><span><strong>Content Quality:</strong> Creating unique, valuable content for similar products at scale is a significant challenge.</span></li></ul><p>Our E-commerce SEO services directly address these challenges through specialized strategies that maximize visibility while maintaining a positive user experience.</p>",
  "extendedApproach": "<p class='mb-6'>Our E-commerce SEO approach combines technical excellence with user experience optimization and content strategy:</p><div class='space-y-6 mb-6'><div class='bg-primary-main/5 p-5 rounded-lg'><h3 class='font-semibold text-xl mb-2'>Technical E-commerce SEO</h3><p>We implement advanced technical optimizations including proper URL structure, faceted navigation handling, canonical tag implementation, and strategic use of robots directives to ensure search engines can properly crawl and index your product catalog.</p></div><div class='bg-primary-main/5 p-5 rounded-lg'><h3 class='font-semibold text-xl mb-2'>Product Schema Optimization</h3><p>We implement comprehensive structured data for products, including price, availability, reviews, and variants to enhance your visibility in rich snippets and shopping results.</p></div><div class='bg-primary-main/5 p-5 rounded-lg'><h3 class='font-semibold text-xl mb-2'>Content Strategy for E-commerce</h3><p>We develop scalable content approaches for category pages, product descriptions, and supportive content that balances SEO needs with conversion optimization.</p></div><div class='bg-primary-main/5 p-5 rounded-lg'><h3 class='font-semibold text-xl mb-2'>User Experience & Conversion Optimization</h3><p>We align SEO strategies with conversion rate optimization to ensure that increased traffic leads to more sales and revenue.</p></div></div><p>Our comprehensive approach has helped numerous e-commerce businesses increase their organic visibility, traffic, and sales across competitive markets.</p>",
  "marketTrends": [
    {
      "title": "Visual Search Impact",
      "description": "The growing adoption of visual search technology is changing how consumers discover products online, making image optimization increasingly important for e-commerce SEO."
    },
    {
      "title": "Voice Commerce Growth",
      "description": "With the rise of voice assistants, optimizing for conversational queries and question-based searches is becoming essential for e-commerce businesses."
    },
    {
      "title": "Mobile-First Shopping",
      "description": "Mobile commerce continues to grow, making mobile optimization, page speed, and seamless user experience critical ranking factors for e-commerce sites."
    }
  ],
  "statistics": {
    "Average conversion rate increase": "127%",
    "Average organic traffic growth": "156%",
    "Product visibility improvement": "243%",
    "Revenue growth from organic search": "187%"
  },
  "strategies": [
    {
      "name": "Product Page Optimization",
      "description": "We enhance product pages with optimized titles, descriptions, images, and schema markup to maximize visibility and click-through rates in search results."
    },
    {
      "name": "Category Page Authority Building",
      "description": "We develop robust category page structures with optimized content that establishes topical authority and ranks for competitive category terms."
    },
    {
      "name": "Technical E-commerce SEO",
      "description": "We implement advanced technical configurations for faceted navigation, URL structure, duplicate content, and crawl optimization to improve indexation."
    },
    {
      "name": "E-commerce Content Strategy",
      "description": "We create buyer guides, comparison content, and product-focused articles that support the buyer journey and build authority for commercial terms."
    }
  ],
  "caseStudies": [
    {
      "title": "Fashion Retailer Achieves 340% Growth",
      "summary": "We helped a mid-sized fashion retailer overcome technical challenges and content gaps to dramatically improve their organic visibility and sales.",
      "results": [
        "340% increase in organic traffic within 9 months",
        "216% growth in organic revenue",
        "Featured snippets for 43 high-value product category terms",
        "127% increase in conversion rate from organic search"
      ]
    },
    {
      "title": "Home Goods Store Outranks Major Competitors",
      "summary": "Our strategies helped a specialty home goods store compete against major retailers by targeting specialized product niches with strategic content and technical optimization.",
      "results": [
        "187% increase in organic product page traffic",
        "Top 3 rankings for 65+ commercial home goods terms",
        "43% reduction in bounce rate from improved landing page experience",
        "24% higher average order value from organic visitors"
      ]
    }
  ],
  "faq": [
    {
      "question": "How long does it take to see results from e-commerce SEO?",
      "answer": "Most e-commerce sites begin seeing measurable improvements within 2-3 months, with significant ranking increases and traffic growth occurring within 4-6 months. Highly competitive product categories may take 6-12 months for substantial position changes, but our approach focuses on quick wins alongside long-term strategic improvements."
    },
    {
      "question": "How do you handle technical SEO for large product catalogs?",
      "answer": "We implement a tiered approach for large catalogs, focusing on strategic indexation of the most valuable products and categories while using crawl budget optimization, XML sitemaps, and advanced URL handling to ensure proper discovery of all content. For very large catalogs, we develop custom scripts and solutions to manage updates at scale."
    },
    {
      "question": "Can you optimize our Shopify/WooCommerce/Magento store?",
      "answer": "Yes, we have extensive experience with all major e-commerce platforms. Each platform has unique characteristics that affect SEO, and our team includes specialists who understand the technical aspects of optimizing your specific e-commerce platform while maintaining performance and user experience."
    },
    {
      "question": "How do you measure success for e-commerce SEO?",
      "answer": "We track multiple KPIs including organic traffic growth, product and category page rankings, organic conversion rates, revenue from organic search, return on investment, and competitive visibility metrics. Our reporting integrates with your analytics and e-commerce platforms to provide clear visibility into performance."
    }
  ],
  "testimonials": [
    {
      "quote": "ImmortalSEO transformed our online store's visibility. Their technical expertise fixed long-standing issues with our product catalog, and their content strategy helped us rank for competitive terms we never thought possible. Most importantly, the increased traffic actually converts - our organic revenue has more than doubled.",
      "author": "Michael Chen",
      "position": "E-commerce Director",
      "company": "StyleHaven"
    }
  ],
  "relatedServices": [
    "Technical SEO",
    "Content SEO",
    "Schema Markup",
    "Site Speed Optimization"
  ]
}
