{
  "name": "Garage Door Business",
  "slug": "garage-door-business",
  "metaTitle": "Garage Door SEO Services | Boost Your Local Business Visibility",
  "metaDescription": "Specialized SEO strategies for garage door companies. Increase local search visibility, attract more customers, and drive leads with our proven optimization techniques.",
  "headerImage": "/images/industries/garage-door-header.jpg",
  "extendedIntro": "<p class='text-lg mb-4'>Our Garage Door SEO services are designed to help businesses in the garage door installation, repair, and maintenance industry increase their visibility in local search results. As more consumers turn to search engines to find local service providers, it’s crucial to optimize your online presence.</p><p class='mb-4'>We use a combination of technical expertise, local SEO strategies, and content optimization to help your garage door business stand out in search engine results, attract more customers, and generate valuable leads.</p><p>Our approach is tailored to meet the unique needs of garage door businesses, ensuring your website ranks effectively for region-specific keywords and service-related queries.</p>",
  "keyPhrases": [
    "Local SEO for garage door companies",
    "Garage door service SEO",
    "Garage door repair SEO",
    "Garage door installation SEO",
    "Google My Business optimization",
    "Local search visibility for contractors"
  ],
  "challenges": [
    "High competition in local search results",
    "Optimizing for multiple locations and services",
    "Dealing with low search volume for niche terms",
    "Managing customer reviews and online reputation",
    "Adapting to constant algorithm updates",
    "Building authoritative local backlinks"
  ],
  "extendedChallenges": "<p class='mb-4'>Garage door businesses face specific SEO challenges that need specialized strategies:</p><ul class='space-y-3 mb-6'><li class='flex items-start'><svg class='w-5 h-5 text-primary-main mr-2 flex-shrink-0 mt-0.5' fill='none' viewBox='0 0 24 24' stroke='currentColor'><path stroke-linecap='round' stroke-linejoin='round' stroke-width='2' d='M12 9v2m0 4h.01m-6.938 4h13.856c1.54 0 2.502-1.667 1.732-3L13.732 4c-.77-1.333-2.694-1.333-3.464 0L3.34 16c-.77 1.333.192 3 1.732 3z' /></svg><span><strong>High Competition:</strong> Garage door businesses face stiff competition from other local contractors, making it difficult to rank high for local terms.</span></li><li class='flex items-start'><svg class='w-5 h-5 text-primary-main mr-2 flex-shrink-0 mt-0.5' fill='none' viewBox='0 0 24 24' stroke='currentColor'><path stroke-linecap='round' stroke-linejoin='round' stroke-width='2' d='M12 9v2m0 4h.01m-6.938 4h13.856c1.54 0 2.502-1.667 1.732-3L13.732 4c-.77-1.333-2.694-1.333-3.464 0L3.34 16c-.77 1.333.192 3 1.732 3z' /></svg><span><strong>Managing Reviews:</strong> Consistently gathering and responding to reviews is essential to maintain a positive online reputation, but can be time-consuming.</span></li><li class='flex items-start'><svg class='w-5 h-5 text-primary-main mr-2 flex-shrink-0 mt-0.5' fill='none' viewBox='0 0 24 24' stroke='currentColor'><path stroke-linecap='round' stroke-linejoin='round' stroke-width='2' d='M12 9v2m0 4h.01m-6.938 4h13.856c1.54 0 2.502-1.667 1.732-3L13.732 4c-.77-1.333-2.694-1.333-3.464 0L3.34 16c-.77 1.333.192 3 1.732 3z' /></svg><span><strong>Multiple Locations:</strong> Optimizing for multiple locations can be challenging, requiring unique strategies to rank for each specific region or service area.</span></li><li class='flex items-start'><svg class='w-5 h-5 text-primary-main mr-2 flex-shrink-0 mt-0.5' fill='none' viewBox='0 0 24 24' stroke='currentColor'><path stroke-linecap='round' stroke-linejoin='round' stroke-width='2' d='M12 9v2m0 4h.01m-6.938 4h13.856c1.54 0 2.502-1.667 1.732-3L13.732 4c-.77-1.333-2.694-1.333-3.464 0L3.34 16c-.77 1.333.192 3 1.732 3z' /></svg><span><strong>Content Strategy:</strong> Developing high-quality, locally optimized content that resonates with searchers and establishes authority can be difficult for contractors.</span></li></ul><p>Our specialized SEO strategies address these challenges by improving visibility while ensuring a seamless user experience for your clients.</p>",
  "extendedApproach": "<p class='mb-6'>Our Garage Door SEO services combine local SEO techniques, technical expertise, and content strategy:</p><div class='space-y-6 mb-6'><div class='bg-primary-main/5 p-5 rounded-lg'><h3 class='font-semibold text-xl mb-2'>Local SEO Optimization</h3><p>We focus on local SEO techniques such as Google My Business optimization, local citations, and review management to improve your visibility in local search results.</p></div><div class='bg-primary-main/5 p-5 rounded-lg'><h3 class='font-semibold text-xl mb-2'>Website Optimization for Garage Door Services</h3><p>We optimize your website’s structure, speed, and mobile responsiveness to provide an excellent user experience, ensuring visitors stay on your site longer.</p></div><div class='bg-primary-main/5 p-5 rounded-lg'><h3 class='font-semibold text-xl mb-2'>Content Creation for Service Pages</h3><p>We develop locally relevant content for service pages, blog posts, and FAQs that target specific keywords like garage door repair and installation, helping you rank higher in local search.</p></div><div class='bg-primary-main/5 p-5 rounded-lg'><h3 class='font-semibold text-xl mb-2'>Review Management & Reputation Building</h3><p>We help you build and maintain a positive online reputation by managing customer reviews, increasing positive feedback, and responding to negative reviews.</p></div></div><p>Our comprehensive approach has helped numerous garage door companies increase their online visibility, generate more leads, and dominate local search results.</p>",
  "marketTrends": [
    {
      "title": "Mobile Search Dominance",
      "description": "As more users search for local service providers via mobile, ensuring your garage door website is mobile-friendly is essential for capturing potential leads."
    },
    {
      "title": "Voice Search Optimization",
      "description": "The rise of voice assistants is changing how consumers search for services. Optimizing your website for voice searches is becoming increasingly important for local businesses."
    },
    {
      "title": "Review-Driven Decisions",
      "description": "Consumers are relying more on reviews to make decisions. Managing and improving your reviews can significantly impact local search rankings and customer trust."
    }
  ],
  "statistics": {
    "Average conversion rate increase": "137%",
    "Average organic traffic growth": "175%",
    "Lead generation improvement": "212%",
    "Revenue growth from organic search": "155%"
  },
  "strategies": [
    {
      "name": "Google My Business Optimization",
      "description": "We ensure your Google My Business profile is fully optimized with accurate information, photos, services, and customer reviews to maximize local visibility."
    },
    {
      "name": "Service Page Optimization",
      "description": "We optimize individual service pages with targeted keywords for specific garage door services like repair, installation, and maintenance to improve local rankings."
    },
    {
      "name": "Reputation Management",
      "description": "Our team helps you build a strong online reputation by managing and encouraging customer reviews, ensuring you stand out from local competitors."
    },
    {
      "name": "Local Content Strategy",
      "description": "We create localized content for blog posts, FAQs, and service pages to target area-specific keywords and improve your relevance in local search results."
    }
  ],
  "caseStudies": [
    {
      "title": "Garage Door Company Achieves 220% Growth",
      "summary": "We helped a garage door service provider optimize their website and manage their online reputation to boost organic traffic and lead generation.",
      "results": [
        "220% increase in organic traffic within 6 months",
        "190% growth in organic leads",
        "Ranked in the top 3 for garage door repair in their city",
        "118% increase in revenue from organic search"
      ]
    },
    {
      "title": "Local Garage Door Business Becomes Market Leader",
      "summary": "Our local SEO strategy helped a garage door business dominate their region by optimizing for local search and improving their online reputation.",
      "results": [
        "150% increase in local search visibility",
        "Top 5 rankings for 10+ local service keywords",
        "42% increase in leads from organic search",
        "A significant boost in customer reviews and online reputation"
      ]
    }
  ],
  "faq": [
    {
      "question": "How long will it take to see SEO results for my garage door business?",
      "answer": "Generally, you can expect to see significant SEO improvements within 3 to 6 months. For highly competitive areas, results may take longer, but our strategies are focused on delivering quick wins while building long-term growth."
    },
    {
      "question": "Can you help me with multi-location SEO?",
      "answer": "Yes, we specialize in multi-location SEO strategies for businesses operating in different regions. We ensure your website ranks for all your service areas and helps you expand your local reach."
    },
    {
      "question": "How do you handle online reputation management?",
      "answer": "We help manage your online reputation by encouraging positive reviews, responding to negative feedback, and ensuring your business maintains a strong, trustworthy online presence."
    },
    {
      "question": "Do you specialize in optimizing websites for garage door companies?",
      "answer": "Yes, we have extensive experience optimizing websites for garage door businesses. We understand the unique needs of the industry and can help you generate more leads and improve your local rankings."
    }
  ],
  "testimonials": [
    {
      "quote": "Thanks to their SEO expertise, our garage door company now ranks at the top for local search terms. We’ve seen a steady increase in leads, and our business has grown significantly.",
      "author": "John Miller",
      "position": "Owner",
      "company": "Miller Garage Doors"
    }
  ],
  "relatedServices": [
    "Local SEO",
    "Reputation Management",
    "Technical SEO",
    "Content SEO"
  ]
}
