{
  "name": "House Cleaning",
  "slug": "house-cleaning",
  "metaTitle": "House Cleaning SEO Services | Boost Local Visibility",
  "metaDescription": "Specialized SEO strategies for house cleaning businesses. Increase local visibility, attract more customers, and grow your business with proven optimization techniques.",
  "headerImage": "/images/industries/house-cleaning-header.jpg",
  "extendedIntro": "<p class='text-lg mb-4'>Our House Cleaning SEO services are designed to address the unique challenges and opportunities of local service-based businesses. In an increasingly competitive market, standing out in local search results is crucial for attracting customers and growing your business.</p><p class='mb-4'>We combine local SEO expertise with content strategies and optimization techniques to create comprehensive SEO campaigns that increase your website’s visibility, drive qualified traffic, and enhance your online presence for house cleaning businesses.</p><p>Our approach is tailored to the specific needs of house cleaning companies, ensuring that your business ranks effectively for high-value, location-based keywords.</p>",
  "keyPhrases": [
    "Local SEO for house cleaning services",
    "Google My Business optimization",
    "Cleaning service SEO",
    "Website optimization for cleaning companies",
    "Online reviews and reputation management",
    "Local search engine optimization"
  ],
  "challenges": [
    "High competition for local keywords",
    "Inconsistent or inaccurate business listings",
    "Managing and responding to online reviews",
    "Balancing SEO needs with service-based business goals",
    "Optimizing for voice search and mobile users",
    "Attracting local customers in a competitive area"
  ],
  "extendedChallenges": "<p class='mb-4'>House cleaning businesses face unique SEO challenges that require targeted solutions:</p><ul class='space-y-3 mb-6'><li class='flex items-start'><svg class='w-5 h-5 text-primary-main mr-2 flex-shrink-0 mt-0.5' fill='none' viewBox='0 0 24 24' stroke='currentColor'><path stroke-linecap='round' stroke-linejoin='round' stroke-width='2' d='M12 9v2m0 4h.01m-6.938 4h13.856c1.54 0 2.502-1.667 1.732-3L13.732 4c-.77-1.333-2.694-1.333-3.464 0L3.34 16c-.77 1.333.192 3 1.732 3z' /></svg><span><strong>High Competition:</strong> Many cleaning services compete for the same local keywords, making it difficult to rank for popular search terms.</span></li><li class='flex items-start'><svg class='w-5 h-5 text-primary-main mr-2 flex-shrink-0 mt-0.5' fill='none' viewBox='0 0 24 24' stroke='currentColor'><path stroke-linecap='round' stroke-linejoin='round' stroke-width='2' d='M12 9v2m0 4h.01m-6.938 4h13.856c1.54 0 2.502-1.667 1.732-3L13.732 4c-.77-1.333-2.694-1.333-3.464 0L3.34 16c-.77 1.333.192 3 1.732 3z' /></svg><span><strong>Inaccurate Business Listings:</strong> Inconsistent or incorrect listings across online directories and review platforms can harm local SEO rankings.</span></li><li class='flex items-start'><svg class='w-5 h-5 text-primary-main mr-2 flex-shrink-0 mt-0.5' fill='none' viewBox='0 0 24 24' stroke='currentColor'><path stroke-linecap='round' stroke-linejoin='round' stroke-width='2' d='M12 9v2m0 4h.01m-6.938 4h13.856c1.54 0 2.502-1.667 1.732-3L13.732 4c-.77-1.333-2.694-1.333-3.464 0L3.34 16c-.77 1.333.192 3 1.732 3z' /></svg><span><strong>Online Reviews:</strong> Managing online reviews and maintaining a positive reputation can be a challenge for service-based businesses.</span></li><li class='flex items-start'><svg class='w-5 h-5 text-primary-main mr-2 flex-shrink-0 mt-0.5' fill='none' viewBox='0 0 24 24' stroke='currentColor'><path stroke-linecap='round' stroke-linejoin='round' stroke-width='2' d='M12 9v2m0 4h.01m-6.938 4h13.856c1.54 0 2.502-1.667 1.732-3L13.732 4c-.77-1.333-2.694-1.333-3.464 0L3.34 16c-.77 1.333.192 3 1.732 3z' /></svg><span><strong>Local Search Visibility:</strong> House cleaning services often face challenges with local search visibility, especially in competitive areas with many similar services.</span></li></ul><p>Our House Cleaning SEO services focus on overcoming these challenges, improving your local rankings, attracting more leads, and enhancing your online presence.</p>",
  "extendedApproach": "<p class='mb-6'>Our House Cleaning SEO approach combines local SEO expertise with content strategy and user experience optimization:</p><div class='space-y-6 mb-6'><div class='bg-primary-main/5 p-5 rounded-lg'><h3 class='font-semibold text-xl mb-2'>Local SEO for Cleaning Services</h3><p>We focus on optimizing your Google My Business profile, building local citations, and enhancing location-based content to improve your rankings for local search terms.</p></div><div class='bg-primary-main/5 p-5 rounded-lg'><h3 class='font-semibold text-xl mb-2'>Review Management and Reputation Building</h3><p>We implement strategies to encourage positive customer reviews, respond to feedback, and manage your online reputation to boost trust and rankings.</p></div><div class='bg-primary-main/5 p-5 rounded-lg'><h3 class='font-semibold text-xl mb-2'>Mobile Optimization for Cleaning Services</h3><p>We ensure your website is fully optimized for mobile users, as many customers search for local cleaning services via smartphones.</p></div><div class='bg-primary-main/5 p-5 rounded-lg'><h3 class='font-semibold text-xl mb-2'>Content Strategy and Conversion Optimization</h3><p>We develop compelling content that answers customer queries, establishes your business as an authority, and encourages conversions from organic traffic.</p></div></div><p>Our specialized approach has helped many house cleaning businesses increase their visibility, attract more leads, and improve their overall online presence.</p>",
  "marketTrends": [
    {
      "title": "Voice Search Optimization",
      "description": "As voice search continues to grow, optimizing your website for voice queries such as 'near me' or 'best cleaning services' is crucial for local SEO."
    },
    {
      "title": "Online Reviews and Reputation Management",
      "description": "With consumers relying more on online reviews, maintaining a positive reputation through review management has become a key factor in ranking higher in local searches."
    },
    {
      "title": "Mobile-Friendly Websites",
      "description": "With mobile searches dominating, ensuring that your house cleaning business website is optimized for mobile is a crucial ranking factor."
    }
  ],
  "statistics": {
    "Average conversion rate increase": "135%",
    "Average organic traffic growth": "145%",
    "Local search visibility improvement": "200%",
    "Customer acquisition through SEO": "180%"
  },
  "strategies": [
    {
      "name": "Google My Business Optimization",
      "description": "We optimize your Google My Business profile to ensure your business shows up in local search results and Google Maps, helping you attract more local customers."
    },
    {
      "name": "Local Citation Building",
      "description": "We build consistent and accurate local business citations across reputable online directories to boost your local SEO rankings."
    },
    {
      "name": "On-Page SEO for Local Search",
      "description": "We optimize key pages on your website (such as home, services, and contact pages) for local search terms to improve your local rankings."
    },
    {
      "name": "Online Review Management",
      "description": "We help you gain more positive reviews, manage customer feedback, and build your online reputation to rank higher in local search results."
    }
  ],
  "caseStudies": [
    {
      "title": "Cleaning Service Increases Local Traffic by 250%",
      "summary": "We helped a house cleaning service increase its local search traffic and customer acquisition through targeted SEO strategies, including Google My Business optimization and reputation management.",
      "results": [
        "250% increase in local search traffic within 6 months",
        "180% increase in calls and inquiries from organic traffic",
        "Achieved top 3 rankings for multiple location-based keywords",
        "Improved customer reviews and overall reputation"
      ]
    },
    {
      "title": "House Cleaning Business Boosts Conversion Rate by 50%",
      "summary": "Our content optimization and mobile-first approach helped a local cleaning business improve its conversion rates and drive more sales from organic search.",
      "results": [
        "50% increase in conversion rate from local SEO traffic",
        "Top 5 rankings for key local keywords",
        "Increased trust and authority through improved online reviews"
      ]
    }
  ],
  "faq": [
    {
      "question": "How long does it take to see results from house cleaning SEO?",
      "answer": "Most house cleaning businesses begin seeing measurable improvements within 2-3 months, with significant growth in local search traffic occurring within 4-6 months. However, results can vary based on competition in your area."
    },
    {
      "question": "How do you optimize for local SEO in competitive areas?",
      "answer": "We implement a robust local SEO strategy that includes Google My Business optimization, citation building, and consistent reputation management to ensure your business stands out in competitive markets."
    },
    {
      "question": "Can you optimize my website for mobile users?",
      "answer": "Yes, we ensure that your website is fully optimized for mobile devices, ensuring a smooth user experience and improving rankings on mobile search results."
    },
    {
      "question": "How do you measure success for house cleaning SEO?",
      "answer": "We track KPIs such as local search traffic growth, Google My Business rankings, online reviews, and customer conversion rates. Our comprehensive reports provide clear visibility into your performance."
    }
  ],
  "testimonials": [
    {
      "quote": "Our local cleaning business has seen a massive increase in leads and sales thanks to the SEO services provided. Our Google My Business ranking and online reviews have dramatically improved, leading to more trust and inquiries from potential customers.",
      "author": "Linda Patel",
      "position": "Owner",
      "company": "Sparkle Cleaners"
    }
  ],
  "relatedServices": [
    "Local SEO",
    "Mobile SEO",
    "Google My Business Optimization",
    "Reputation Management"
  ]
}
