{
  "name": "Plumbing Service",
  "slug": "plumbing-service",
  "metaTitle": "Plumbing Service SEO | Grow Your Local Plumbing Business",
  "metaDescription": "Optimize your plumbing business for search engines. Our Plumbing Service SEO strategies boost local rankings, drive targeted traffic, and increase service bookings.",
  "headerImage": "/images/industries/plumbing-service-header.jpg",
  "extendedIntro": "<p class='text-lg mb-4'>Our Plumbing Service SEO solutions are designed to help local plumbing businesses enhance their online visibility. In a competitive service industry like plumbing, ranking high on search engines is crucial for attracting customers and growing your business.</p><p class='mb-4'>We offer tailored SEO campaigns that focus on increasing local search rankings, improving lead generation, and ensuring that your plumbing services are easily discoverable by customers in your service area.</p><p>Our approach integrates local SEO, on-page optimization, content strategy, and reputation management to drive organic traffic and enhance your online presence.</p>",
  "keyPhrases": [
    "Local plumbing SEO",
    "Plumbing service optimization",
    "Plumber website SEO",
    "SEO for plumbing contractors",
    "Plumbing business SEO",
    "Local SEO for plumbers"
  ],
  "challenges": [
    "High competition for local plumbing keywords",
    "Establishing authority in a local market",
    "Managing online reviews and reputation",
    "Optimizing for mobile users in local searches",
    "Balancing SEO with service bookings and conversion optimization",
    "Targeting the right local customer base"
  ],
  "extendedChallenges": "<p class='mb-4'>Plumbing service businesses face several unique SEO challenges that require targeted solutions:</p><ul class='space-y-3 mb-6'><li class='flex items-start'><svg class='w-5 h-5 text-primary-main mr-2 flex-shrink-0 mt-0.5' fill='none' viewBox='0 0 24 24' stroke='currentColor'><path stroke-linecap='round' stroke-linejoin='round' stroke-width='2' d='M12 9v2m0 4h.01m-6.938 4h13.856c1.54 0 2.502-1.667 1.732-3L13.732 4c-.77-1.333-2.694-1.333-3.464 0L3.34 16c-.77 1.333.192 3 1.732 3z' /></svg><span><strong>High Competition:</strong> The plumbing industry is highly competitive, especially for local service keywords. Standing out in local searches is crucial to winning new customers.</span></li><li class='flex items-start'><svg class='w-5 h-5 text-primary-main mr-2 flex-shrink-0 mt-0.5' fill='none' viewBox='0 0 24 24' stroke='currentColor'><path stroke-linecap='round' stroke-linejoin='round' stroke-width='2' d='M12 9v2m0 4h.01m-6.938 4h13.856c1.54 0 2.502-1.667 1.732-3L13.732 4c-.77-1.333-2.694-1.333-3.464 0L3.34 16c-.77 1.333.192 3 1.732 3z' /></svg><span><strong>Managing Reviews:</strong> Online reputation is a major factor in local SEO. Plumbing businesses often need to manage and respond to customer reviews to maintain a positive online presence.</span></li><li class='flex items-start'><svg class='w-5 h-5 text-primary-main mr-2 flex-shrink-0 mt-0.5' fill='none' viewBox='0 0 24 24' stroke='currentColor'><path stroke-linecap='round' stroke-linejoin='round' stroke-width='2' d='M12 9v2m0 4h.01m-6.938 4h13.856c1.54 0 2.502-1.667 1.732-3L13.732 4c-.77-1.333-2.694-1.333-3.464 0L3.34 16c-.77 1.333.192 3 1.732 3z' /></svg><span><strong>Local Optimization:</strong> For plumbing businesses, local SEO is key. It involves ensuring that your business appears in local search results and on maps, targeting specific cities or regions effectively.</span></li></ul><p>Our Plumbing Service SEO strategies address these challenges through targeted solutions that enhance visibility, drive more local leads, and improve overall business performance.</p>",
  "extendedApproach": "<p class='mb-6'>Our Plumbing Service SEO approach blends local optimization, technical SEO, and conversion-focused strategies:</p><div class='space-y-6 mb-6'><div class='bg-primary-main/5 p-5 rounded-lg'><h3 class='font-semibold text-xl mb-2'>Local SEO Optimization</h3><p>We optimize your Google My Business profile, create local citations, and ensure your website is fully optimized for local searches to help your plumbing business rank higher for local searches.</p></div><div class='bg-primary-main/5 p-5 rounded-lg'><h3 class='font-semibold text-xl mb-2'>Website Optimization</h3><p>We optimize your plumbing website with relevant keywords, strong on-page SEO practices, and fast loading speeds to improve both rankings and user experience.</p></div><div class='bg-primary-main/5 p-5 rounded-lg'><h3 class='font-semibold text-xl mb-2'>Content Strategy for Plumbing</h3><p>We create localized content including blogs, service pages, and FAQs that answer common customer queries, providing value and building trust with potential clients.</p></div><div class='bg-primary-main/5 p-5 rounded-lg'><h3 class='font-semibold text-xl mb-2'>Reputation Management</h3><p>We help manage your online reputation by encouraging positive reviews and addressing customer feedback to maintain a strong, trustworthy presence online.</p></div></div><p>Our comprehensive approach has helped plumbing businesses improve their online visibility, drive more local leads, and increase service bookings.</p>",
  "marketTrends": [
    {
      "title": "Mobile-First Local Searches",
      "description": "With the increasing use of mobile devices, optimizing for local mobile searches is now essential for plumbing businesses to reach customers on the go."
    },
    {
      "title": "Voice Search in Plumbing",
      "description": "More customers are using voice search to find local plumbing services. Optimizing for conversational queries and question-based searches is becoming vital for plumbing businesses."
    },
    {
      "title": "Online Reviews Matter More Than Ever",
      "description": "Plumbing businesses are increasingly judged by their online reviews. Positive reviews improve SEO rankings and customer trust."
    }
  ],
  "statistics": {
    "Average conversion rate increase": "124%",
    "Average organic traffic growth": "175%",
    "Lead generation improvement": "210%",
    "Revenue growth from local SEO": "160%"
  },
  "strategies": [
    {
      "name": "Local SEO Optimization",
      "description": "We help your plumbing business rank higher in local search results, ensuring you reach customers in your service area when they search for plumbing services."
    },
    {
      "name": "Reputation Management",
      "description": "We actively manage your plumbing business's online reputation, encouraging positive reviews and addressing customer concerns to maintain a trustworthy online presence."
    },
    {
      "name": "Content Strategy for Plumbing Services",
      "description": "We create high-quality, localized content that answers common plumbing queries, showcases your services, and builds authority in your local market."
    },
    {
      "name": "On-Page SEO for Plumbing Websites",
      "description": "We optimize your plumbing website’s on-page elements, including meta tags, header tags, and content, to boost visibility and drive more traffic."
    }
  ],
  "caseStudies": [
    {
      "title": "Plumbing Company Boosts Local Rankings by 250%",
      "summary": "We helped a local plumbing business increase its local search rankings through targeted local SEO strategies, resulting in a significant increase in service bookings.",
      "results": [
        "250% increase in local search rankings within 6 months",
        "189% growth in service-related traffic",
        "47% increase in conversion rates from organic search",
        "Top 3 rankings for 15+ high-value local plumbing keywords"
      ]
    },
    {
      "title": "Emergency Plumbing Service Leads Surge",
      "summary": "Through content optimization and reputation management, we assisted an emergency plumbing service in driving higher lead volumes from local search results.",
      "results": [
        "210% increase in organic lead generation",
        "35% increase in service bookings from organic search",
        "More than 50% improvement in local review ratings",
        "Enhanced visibility in local 3-pack for plumbing services"
      ]
    }
  ],
  "faq": [
    {
      "question": "How quickly will I see results from plumbing SEO?",
      "answer": "Plumbing SEO results can be seen within 2-3 months for improved rankings, with significant lead generation and bookings occurring in 4-6 months. Highly competitive markets may take 6-12 months for more substantial gains."
    },
    {
      "question": "How do you handle local SEO for plumbing businesses?",
      "answer": "We focus on optimizing your Google My Business profile, generating local citations, and creating localized content to improve your ranking in local search results."
    },
    {
      "question": "Do you offer reputation management for plumbers?",
      "answer": "Yes, we offer reputation management services that help plumbing businesses manage their online reviews, encourage positive customer feedback, and maintain a trustworthy presence."
    },
    {
      "question": "Can you optimize my plumbing website for SEO?",
      "answer": "Absolutely. Our team specializes in optimizing plumbing websites for better search rankings, improving on-page SEO elements, and increasing local visibility to attract more customers."
    }
  ],
  "testimonials": [
    {
      "quote": "ImmortalSEO helped our plumbing business grow from a small local operation to one of the top-ranked services in the area. Their SEO strategies are spot on, and we've seen a noticeable increase in leads and revenue.",
      "author": "John Doe",
      "position": "Owner",
      "company": "Doe Plumbing Services"
    }
  ],
  "relatedServices": [
    "Local SEO",
    "Reputation Management",
    "Content SEO",
    "Google My Business Optimization"
  ]
}
