{
  "name": "Restaurants",
  "slug": "restaurants",
  "metaTitle": "Restaurant SEO Services | Boost Your Restaurant's Online Presence",
  "metaDescription": "Enhance your restaurant's online visibility and attract more customers with our expert SEO strategies tailored for the food service industry.",
  "headerImage": "/images/industries/restaurant-header.jpg",
  "extendedIntro": "<p class='text-lg mb-4'>Our Restaurant SEO services are specifically designed to meet the unique needs of the food service industry. In an increasingly competitive market, having a strong online presence is essential for attracting new customers and keeping existing ones coming back.</p><p class='mb-4'>We combine local SEO, content strategy, and reputation management to create customized SEO campaigns that increase visibility, drive traffic, and boost reservations for restaurants of all types.</p><p>From local search optimization to menu optimization, we ensure that your restaurant ranks effectively for key search terms and stands out in the digital marketplace.</p>",
  "keyPhrases": [
    "Local SEO for restaurants",
    "Restaurant website optimization",
    "Google My Business optimization",
    "Online review management",
    "Menu SEO",
    "Restaurant marketing strategies"
  ],
  "challenges": [
    "High competition in local search results",
    "Managing online reviews and ratings",
    "Seasonal fluctuations in restaurant traffic",
    "Keeping content fresh and relevant",
    "Ensuring mobile optimization for local searches",
    "Optimizing for voice search"
  ],
  "extendedChallenges": "<p class='mb-4'>Restaurants face specific SEO challenges that require targeted solutions:</p><ul class='space-y-3 mb-6'><li class='flex items-start'><svg class='w-5 h-5 text-primary-main mr-2 flex-shrink-0 mt-0.5' fill='none' viewBox='0 0 24 24' stroke='currentColor'><path stroke-linecap='round' stroke-linejoin='round' stroke-width='2' d='M12 9v2m0 4h.01m-6.938 4h13.856c1.54 0 2.502-1.667 1.732-3L13.732 4c-.77-1.333-2.694-1.333-3.464 0L3.34 16c-.77 1.333.192 3 1.732 3z' /></svg><span><strong>High Competition:</strong> Restaurants face stiff competition for local search rankings, especially from larger chains and food aggregators like UberEats and Grubhub.</span></li><li class='flex items-start'><svg class='w-5 h-5 text-primary-main mr-2 flex-shrink-0 mt-0.5' fill='none' viewBox='0 0 24 24' stroke='currentColor'><path stroke-linecap='round' stroke-linejoin='round' stroke-width='2' d='M12 9v2m0 4h.01m-6.938 4h13.856c1.54 0 2.502-1.667 1.732-3L13.732 4c-.77-1.333-2.694-1.333-3.464 0L3.34 16c-.77 1.333.192 3 1.732 3z' /></svg><span><strong>Managing Reviews:</strong> Online reviews on platforms like Google, Yelp, and TripAdvisor can greatly influence a restaurant’s reputation and rankings.</span></li><li class='flex items-start'><svg class='w-5 h-5 text-primary-main mr-2 flex-shrink-0 mt-0.5' fill='none' viewBox='0 0 24 24' stroke='currentColor'><path stroke-linecap='round' stroke-linejoin='round' stroke-width='2' d='M12 9v2m0 4h.01m-6.938 4h13.856c1.54 0 2.502-1.667 1.732-3L13.732 4c-.77-1.333-2.694-1.333-3.464 0L3.34 16c-.77 1.333.192 3 1.732 3z' /></svg><span><strong>Content Freshness:</strong> Regularly updating your menu and website content is crucial to keep your restaurant relevant and visible in search results.</span></li><li class='flex items-start'><svg class='w-5 h-5 text-primary-main mr-2 flex-shrink-0 mt-0.5' fill='none' viewBox='0 0 24 24' stroke='currentColor'><path stroke-linecap='round' stroke-linejoin='round' stroke-width='2' d='M12 9v2m0 4h.01m-6.938 4h13.856c1.54 0 2.502-1.667 1.732-3L13.732 4c-.77-1.333-2.694-1.333-3.464 0L3.34 16c-.77 1.333.192 3 1.732 3z' /></svg><span><strong>Mobile Optimization:</strong> Many customers search for local restaurants on their mobile devices, so ensuring your website is mobile-friendly is essential.</span></li></ul><p>Our Restaurant SEO services are specifically designed to address these challenges by providing practical and effective solutions that boost your online visibility and customer engagement.</p>",
  "extendedApproach": "<p class='mb-6'>Our approach to Restaurant SEO is tailored to improve your visibility, increase traffic, and drive more customers to your restaurant:</p><div class='space-y-6 mb-6'><div class='bg-primary-main/5 p-5 rounded-lg'><h3 class='font-semibold text-xl mb-2'>Local SEO for Restaurants</h3><p>We optimize your restaurant for local search queries, ensuring it appears in Google Maps, Google My Business, and local search results when potential customers are looking for dining options nearby.</p></div><div class='bg-primary-main/5 p-5 rounded-lg'><h3 class='font-semibold text-xl mb-2'>Menu SEO Optimization</h3><p>We optimize your restaurant menu for search engines by adding relevant keywords, making it easier for customers to find your offerings online.</p></div><div class='bg-primary-main/5 p-5 rounded-lg'><h3 class='font-semibold text-xl mb-2'>Online Review Management</h3><p>We help you manage your online reviews by developing a strategy to encourage positive feedback, respond to negative reviews, and boost your reputation across major review platforms.</p></div><div class='bg-primary-main/5 p-5 rounded-lg'><h3 class='font-semibold text-xl mb-2'>Mobile Optimization</h3><p>We ensure your website is mobile-friendly and loads quickly, improving the user experience for customers searching for your restaurant on their smartphones.</p></div></div><p>By addressing these key areas, our Restaurant SEO services help improve your restaurant’s online presence, attract more local customers, and increase reservations.</p>",
  "marketTrends": [
    {
      "title": "Local Search Dominance",
      "description": "More consumers are using Google to search for nearby restaurants, making local SEO strategies more important than ever for restaurants to capture foot traffic."
    },
    {
      "title": "Online Ordering Growth",
      "description": "With the rise of online ordering and delivery, optimizing for ordering-related queries is becoming crucial for restaurant SEO to remain competitive."
    },
    {
      "title": "Voice Search for Restaurants",
      "description": "The growing popularity of voice search devices means that optimizing for voice queries, especially for 'near me' searches, is becoming an important trend in restaurant SEO."
    }
  ],
  "statistics": {
    "Increase in local search traffic": "142%",
    "Improvement in customer engagement through reviews": "178%",
    "Website conversion rate boost": "110%",
    "Increase in reservations from organic search": "125%"
  },
  "strategies": [
    {
      "name": "Google My Business Optimization",
      "description": "We ensure your restaurant's Google My Business profile is fully optimized with accurate information, photos, reviews, and posts to boost local rankings and visibility."
    },
    {
      "name": "Online Reviews Management",
      "description": "We implement strategies to help increase positive reviews, manage negative feedback, and leverage online reviews for better local SEO results."
    },
    {
      "name": "Mobile-Friendly Website Design",
      "description": "We ensure your website is responsive and mobile-friendly, enhancing the user experience and ranking well for local mobile searches."
    },
    {
      "name": "Menu and Content Optimization",
      "description": "We optimize your menu, website copy, and blog content with keywords and local search terms to attract customers who are searching for your restaurant's offerings."
    }
  ],
  "caseStudies": [
    {
      "title": "Italian Restaurant Boosts Reservations by 200%",
      "summary": "After optimizing their website and reviews, this Italian restaurant saw a massive increase in local traffic and reservations from Google searches.",
      "results": [
        "200% increase in reservations from organic search",
        "150% increase in Google My Business interactions",
        "Top rankings for 20+ local and food-related keywords",
        "Boosted online orders by 50%"
      ]
    },
    {
      "title": "Casual Dining Restaurant Sees 120% Traffic Increase",
      "summary": "We helped a casual dining restaurant improve its visibility with local SEO, boosting their web traffic and engagement across all platforms.",
      "results": [
        "120% increase in organic web traffic",
        "Top 3 rankings for 15+ local dining keywords",
        "40% increase in customer reviews",
        "Enhanced mobile site performance leading to more reservations"
      ]
    }
  ],
  "faq": [
    {
      "question": "How long does it take to see results from restaurant SEO?",
      "answer": "Most restaurants begin seeing measurable improvements within 2-3 months, with significant visibility and traffic increases happening within 4-6 months. Results may vary depending on local competition and market size."
    },
    {
      "question": "How do you handle online review management for restaurants?",
      "answer": "We develop a strategy to help encourage positive reviews, respond to negative feedback, and ensure your restaurant maintains a positive online reputation. We also assist in handling reviews across multiple platforms like Google, Yelp, and TripAdvisor."
    },
    {
      "question": "Do you offer SEO services for food delivery services?",
      "answer": "Yes, we specialize in optimizing websites for food delivery services, ensuring that they rank well for relevant local and delivery-related keywords."
    },
    {
      "question": "How do you measure success for restaurant SEO?",
      "answer": "We track key metrics such as local search rankings, website traffic, online reviews, conversion rates, and reservations originating from organic search. These KPIs help measure the success of your restaurant's SEO efforts."
    }
  ],
  "testimonials": [
    {
      "quote": "ImmortalSEO helped us optimize our restaurant's website and online presence, leading to more bookings and customer engagement. Our Google reviews and rankings have improved significantly.",
      "author": "Sara Williams",
      "position": "Owner",
      "company": "Bella Cucina"
    }
  ],
  "relatedServices": [
    "Local SEO",
    "Content SEO",
    "Online Reputation Management",
    "Mobile Optimization"
  ]
}
