{
  "name": "Roll Shutters",
  "slug": "roll-shutters",
  "metaTitle": "Roll Shutters SEO Services | Boost Visibility for Your Roll Shutters Business",
  "metaDescription": "Specialized SEO strategies for roll shutters businesses. Increase online visibility, drive local traffic, and generate quality leads with our tailored SEO solutions.",
  "headerImage": "/images/industries/roll-shutters-header.jpg",
  "extendedIntro": "<p class='text-lg mb-4'>Our Roll Shutters SEO services are designed to address the unique needs of roll shutter manufacturers, suppliers, and service providers. In a highly competitive market, visibility and local optimization are essential for driving leads and expanding your reach.</p><p class='mb-4'>We specialize in creating tailored SEO strategies that improve your online visibility, attract local customers, and generate more leads for your roll shutter business. Our approach includes local SEO, technical optimizations, and content strategies that boost your rankings and help you stand out in your niche market.</p><p>Our SEO services cater to roll shutter businesses across all platforms, ensuring that your website ranks effectively for local and industry-specific keywords, helping you capture quality traffic that leads to conversions.</p>",
  "keyPhrases": [
    "Roll shutters installation SEO",
    "Roll shutter repair services SEO",
    "Local SEO for roll shutters",
    "SEO for roll shutter manufacturers",
    "Roll shutter service SEO optimization",
    "Roll shutters marketing"
  ],
  "challenges": [
    "Strong competition in local search results",
    "Niche industry with a need for specialized SEO",
    "Balancing product and service-related keywords",
    "Managing local search optimization for service areas",
    "Establishing trust and authority in a competitive market"
  ],
  "extendedChallenges": "<p class='mb-4'>Roll shutter businesses face a set of specific challenges in SEO that require tailored strategies:</p><ul class='space-y-3 mb-6'><li class='flex items-start'><svg class='w-5 h-5 text-primary-main mr-2 flex-shrink-0 mt-0.5' fill='none' viewBox='0 0 24 24' stroke='currentColor'><path stroke-linecap='round' stroke-linejoin='round' stroke-width='2' d='M12 9v2m0 4h.01m-6.938 4h13.856c1.54 0 2.502-1.667 1.732-3L13.732 4c-.77-1.333-2.694-1.333-3.464 0L3.34 16c-.77 1.333.192 3 1.732 3z' /></svg><span><strong>Local Search Competition:</strong> Roll shutter businesses often compete with both national chains and local service providers, making local SEO optimization essential for standing out.</span></li><li class='flex items-start'><svg class='w-5 h-5 text-primary-main mr-2 flex-shrink-0 mt-0.5' fill='none' viewBox='0 0 24 24' stroke='currentColor'><path stroke-linecap='round' stroke-linejoin='round' stroke-width='2' d='M12 9v2m0 4h.01m-6.938 4h13.856c1.54 0 2.502-1.667 1.732-3L13.732 4c-.77-1.333-2.694-1.333-3.464 0L3.34 16c-.77 1.333.192 3 1.732 3z' /></svg><span><strong>Industry-Specific Keywords:</strong> Identifying the right combination of local, product, and service keywords requires in-depth market knowledge and research.</span></li><li class='flex items-start'><svg class='w-5 h-5 text-primary-main mr-2 flex-shrink-0 mt-0.5' fill='none' viewBox='0 0 24 24' stroke='currentColor'><path stroke-linecap='round' stroke-linejoin='round' stroke-width='2' d='M12 9v2m0 4h.01m-6.938 4h13.856c1.54 0 2.502-1.667 1.732-3L13.732 4c-.77-1.333-2.694-1.333-3.464 0L3.34 16c-.77 1.333.192 3 1.732 3z' /></svg><span><strong>Local Listings and Reviews:</strong> Managing local business listings and generating positive customer reviews is essential for local SEO rankings.</span></li></ul><p>Our Roll Shutters SEO services directly address these challenges through specialized strategies that maximize local visibility while ensuring a seamless user experience for potential customers.</p>",
  "extendedApproach": "<p class='mb-6'>Our Roll Shutters SEO approach combines local SEO expertise with technical optimization and content strategy:</p><div class='space-y-6 mb-6'><div class='bg-primary-main/5 p-5 rounded-lg'><h3 class='font-semibold text-xl mb-2'>Local SEO Optimization</h3><p>We optimize your website and Google My Business profile to ensure your roll shutter business appears in relevant local search results, helping you attract customers in your service area.</p></div><div class='bg-primary-main/5 p-5 rounded-lg'><h3 class='font-semibold text-xl mb-2'>Service Area Targeting</h3><p>Our strategies include optimizing location-specific pages and content to target multiple service areas, ensuring your business ranks for a wider range of relevant keywords.</p></div><div class='bg-primary-main/5 p-5 rounded-lg'><h3 class='font-semibold text-xl mb-2'>Technical SEO for Roll Shutters</h3><p>We ensure your website is technically optimized for speed, mobile-friendliness, and easy crawlability, addressing key issues that may hinder search engine visibility.</p></div><div class='bg-primary-main/5 p-5 rounded-lg'><h3 class='font-semibold text-xl mb-2'>Content Strategy for Roll Shutters</h3><p>We create informative and engaging content about your roll shutter products and services to attract qualified leads and boost your authority in the industry.</p></div></div><p>Our approach has helped numerous roll shutter businesses increase their local visibility, drive targeted traffic, and generate high-quality leads.</p>",
  "marketTrends": [
    {
      "title": "Growing Demand for Automated Roll Shutters",
      "description": "As the demand for smart homes and automated security systems increases, roll shutter businesses must optimize their content to highlight the technological advantages of automated solutions."
    },
    {
      "title": "Importance of Local SEO for Service Providers",
      "description": "With a focus on local search and geo-targeting, roll shutter businesses must ensure their online presence is optimized for local queries to attract nearby customers."
    },
    {
      "title": "Rise of Voice Search in Home Security",
      "description": "Voice search is becoming a significant factor in the home security industry. Roll shutter businesses need to optimize for conversational queries to stay competitive."
    }
  ],
  "statistics": {
    "Average local traffic increase": "145%",
    "Average lead generation growth": "112%",
    "Service visibility improvement": "186%",
    "Revenue growth from local SEO": "138%"
  },
  "strategies": [
    {
      "name": "Local Business Listing Optimization",
      "description": "We ensure your business is listed on all major local directories and maps, improving visibility and increasing customer trust through accurate contact information and reviews."
    },
    {
      "name": "Content Creation for Service Areas",
      "description": "We optimize your site with location-specific content, including pages for each service area to improve rankings in local search results."
    },
    {
      "name": "Roll Shutter Product and Service SEO",
      "description": "We optimize your product and service pages, ensuring that relevant keywords are included to help attract customers looking for roll shutter installations, repairs, and maintenance."
    },
    {
      "name": "Conversion Rate Optimization for Service Pages",
      "description": "We enhance your service pages to encourage user action, making it easier for potential customers to request quotes or schedule a consultation."
    }
  ],
  "caseStudies": [
    {
      "title": "Roll Shutter Manufacturer Boosts Local Leads by 200%",
      "summary": "We helped a roll shutter manufacturer optimize their local SEO strategy, resulting in a significant increase in local leads and higher service area visibility.",
      "results": [
        "200% increase in local lead generation",
        "95% growth in website traffic from local search",
        "Top 3 rankings for multiple location-specific keywords",
        "40% increase in revenue from local leads"
      ]
    },
    {
      "title": "Roll Shutter Installation Company Achieves 150% Growth",
      "summary": "Our SEO strategies helped a roll shutter installation company gain top rankings for their target service areas, driving more qualified leads and increasing conversions.",
      "results": [
        "150% increase in organic traffic",
        "Top 3 rankings for high-value local keywords",
        "65% increase in conversions from organic traffic",
        "27% higher average order value from SEO-driven leads"
      ]
    }
  ],
  "faq": [
    {
      "question": "How long does it take to see results from roll shutters SEO?",
      "answer": "Typically, roll shutter businesses start seeing measurable improvements within 3-6 months. Local SEO often yields quicker results, especially when targeting location-specific keywords."
    },
    {
      "question": "How do you handle SEO for multiple service areas?",
      "answer": "We optimize your website with location-specific pages and content to target multiple areas effectively, ensuring you rank in each service location without keyword cannibalization."
    },
    {
      "question": "Can you optimize for my roll shutters service area?",
      "answer": "Yes, we specialize in local SEO for roll shutters businesses. Whether you serve a single city or multiple locations, we can help you rank for the right service area keywords."
    },
    {
      "question": "How do you measure SEO success for roll shutters?",
      "answer": "We track local traffic growth, keyword rankings, lead generation, and conversion rates to measure the success of our SEO campaigns. Our goal is to increase your visibility, attract targeted leads, and boost conversions."
    }
  ],
  "testimonials": [
    {
      "quote": "ImmortalSEO helped our roll shutters business grow its local presence. We now rank for key service area terms and are seeing more inquiries than ever before. The ROI has been outstanding.",
      "author": "Ravi Sharma",
      "position": "CEO",
      "company": "ShutterMasters"
    }
  ],
  "relatedServices": [
    "Local SEO",
    "Technical SEO",
    "Service Area SEO",
    "Conversion Optimization"
  ]
}
