{
  "name": "Sky Light Business",
  "slug": "sky-light-business",
  "metaTitle": "Sky Light Business SEO Services | Boost Your Online Presence",
  "metaDescription": "Our specialized SEO strategies help businesses in the Sky Light industry enhance online visibility, attract more leads, and increase conversions with expert SEO services.",
  "headerImage": "/images/industries/sky-light-business-header.jpg",
  "extendedIntro": "<p class='text-lg mb-4'>Sky Light Business SEO services are designed to address the unique challenges of companies in the light and architecture industry. As the industry evolves, visibility and online engagement are crucial for success.</p><p class='mb-4'>Our team combines technical expertise, targeted keyword strategies, and high-quality content creation to improve your search engine rankings and bring targeted traffic to your website. We help you build a strong online presence that resonates with your audience and drives conversions, focusing on the Sky Light business sector.</p>",
  "keyPhrases": [
    "Sky Light Installation SEO",
    "Light Architecture SEO",
    "Natural Lighting SEO",
    "SEO for skylight providers",
    "Business SEO for architectural services",
    "Lighting solutions SEO"
  ],
  "challenges": [
    "Limited awareness of natural lighting options",
    "High competition with traditional lighting providers",
    "Inconsistent keyword targeting for niche markets",
    "Understanding customer intent for Skylight services",
    "Balancing SEO with customer-centric content strategies"
  ],
  "extendedChallenges": "<p class='mb-4'>Sky Light businesses face unique SEO challenges that require tailored solutions:</p><ul class='space-y-3 mb-6'><li class='flex items-start'><svg class='w-5 h-5 text-primary-main mr-2 flex-shrink-0 mt-0.5' fill='none' viewBox='0 0 24 24' stroke='currentColor'><path stroke-linecap='round' stroke-linejoin='round' stroke-width='2' d='M12 9v2m0 4h.01m-6.938 4h13.856c1.54 0 2.502-1.667 1.732-3L13.732 4c-.77-1.333-2.694-1.333-3.464 0L3.34 16c-.77 1.333.192 3 1.732 3z' /></svg><span><strong>Limited Awareness:</strong> Many customers are unaware of the benefits and uses of natural lighting solutions such as Sky Lights.</span></li><li class='flex items-start'><svg class='w-5 h-5 text-primary-main mr-2 flex-shrink-0 mt-0.5' fill='none' viewBox='0 0 24 24' stroke='currentColor'><path stroke-linecap='round' stroke-linejoin='round' stroke-width='2' d='M12 9v2m0 4h.01m-6.938 4h13.856c1.54 0 2.502-1.667 1.732-3L13.732 4c-.77-1.333-2.694-1.333-3.464 0L3.34 16c-.77 1.333.192 3 1.732 3z' /></svg><span><strong>High Competition:</strong> Traditional lighting providers and architects often dominate search results, making it challenging to rank for specific skylight terms.</span></li><li class='flex items-start'><svg class='w-5 h-5 text-primary-main mr-2 flex-shrink-0 mt-0.5' fill='none' viewBox='0 0 24 24' stroke='currentColor'><path stroke-linecap='round' stroke-linejoin='round' stroke-width='2' d='M12 9v2m0 4h.01m-6.938 4h13.856c1.54 0 2.502-1.667 1.732-3L13.732 4c-.77-1.333-2.694-1.333-3.464 0L3.34 16c-.77 1.333.192 3 1.732 3z' /></svg><span><strong>Niche Market Targeting:</strong> Defining the right audience and targeting them effectively through SEO efforts is critical for success in this space.</span></li><li class='flex items-start'><svg class='w-5 h-5 text-primary-main mr-2 flex-shrink-0 mt-0.5' fill='none' viewBox='0 0 24 24' stroke='currentColor'><path stroke-linecap='round' stroke-linejoin='round' stroke-width='2' d='M12 9v2m0 4h.01m-6.938 4h13.856c1.54 0 2.502-1.667 1.732-3L13.732 4c-.77-1.333-2.694-1.333-3.464 0L3.34 16c-.77 1.333.192 3 1.732 3z' /></svg><span><strong>SEO for Visual Content:</strong> As the Sky Light industry relies on visual elements like designs, photos, and layouts, optimizing this content for search engines is crucial.</span></li></ul><p>Our specialized SEO strategies focus on these challenges, ensuring that your business stands out in the digital space and attracts the right audience for your services.</p>",
  "extendedApproach": "<p class='mb-6'>Sky Light Business SEO requires a combination of technical precision, content strategy, and user experience optimization:</p><div class='space-y-6 mb-6'><div class='bg-primary-main/5 p-5 rounded-lg'><h3 class='font-semibold text-xl mb-2'>Technical SEO for Skylight Services</h3><p>We implement key technical SEO strategies to optimize your website's structure, navigation, and speed to ensure search engines can crawl and index your content easily.</p></div><div class='bg-primary-main/5 p-5 rounded-lg'><h3 class='font-semibold text-xl mb-2'>Visual Content Optimization</h3><p>We help you optimize images, videos, and other visual content to ensure better ranking in visual search and search engine results pages (SERPs).</p></div><div class='bg-primary-main/5 p-5 rounded-lg'><h3 class='font-semibold text-xl mb-2'>Content Strategy for Sky Light Providers</h3><p>We create content strategies that focus on educating your customers about the benefits of skylights, natural lighting, and energy-efficient solutions, thus building trust and driving conversions.</p></div><div class='bg-primary-main/5 p-5 rounded-lg'><h3 class='font-semibold text-xl mb-2'>Local SEO for Skylight Businesses</h3><p>We optimize your website for local SEO to ensure that customers in your area find you easily when searching for skylight installation or lighting services near them.</p></div></div><p>Our tailored approach ensures that Sky Light businesses gain visibility in a competitive online market, ultimately leading to increased leads and conversions.</p>",
  "marketTrends": [
    {
      "title": "Increasing Demand for Natural Lighting",
      "description": "As sustainability becomes a key focus in modern architecture, more businesses and homeowners are seeking energy-efficient solutions, driving the demand for skylight installations."
    },
    {
      "title": "Growth in Mobile Search for Local Services",
      "description": "Mobile search continues to grow, and local SEO is more important than ever for businesses in the Sky Light industry to reach potential customers in their area."
    },
    {
      "title": "Visual Search Optimization in Architecture",
      "description": "Visual search is reshaping how consumers discover design and architecture services. Optimizing visual content for search engines is becoming increasingly important for skylight providers."
    }
  ],
  "statistics": {
    "Average conversion rate increase": "130%",
    "Average organic traffic growth": "145%",
    "Lead generation from organic search": "220%",
    "Revenue increase from organic SEO": "180%"
  },
  "strategies": [
    {
      "name": "Visual Content SEO",
      "description": "We optimize images, infographics, and videos to improve rankings for visual search, helping customers find your skylight designs and services faster."
    },
    {
      "name": "Local SEO Optimization",
      "description": "Our team implements local SEO techniques to ensure your skylight services appear in relevant local searches, driving more localized traffic to your site."
    },
    {
      "name": "On-Page SEO for Service Pages",
      "description": "We optimize your service pages by enhancing keywords, metadata, and structure to ensure that your skylight services are effectively indexed by search engines."
    },
    {
      "name": "Content Creation for Lead Generation",
      "description": "We create engaging content, including blog posts and case studies, to educate potential customers and drive leads for your skylight services."
    }
  ],
  "caseStudies": [
    {
      "title": "Sky Light Installation Company Increases Leads by 300%",
      "summary": "We helped a skylight installation company optimize their SEO, leading to increased visibility and a 300% increase in online leads within 6 months.",
      "results": [
        "300% increase in organic leads",
        "175% growth in local search visibility",
        "50% increase in website conversions",
        "100% improvement in online lead quality"
      ]
    },
    {
      "title": "Energy-Efficient Skylight Provider Outperforms Competitors",
      "summary": "Through strategic content and local SEO, we helped an energy-efficient skylight provider rank for competitive keywords, leading to a substantial rise in online engagement.",
      "results": [
        "200% increase in organic traffic",
        "Top rankings for key skylight-related terms",
        "35% increase in organic conversions",
        "45% rise in qualified leads"
      ]
    }
  ],
  "faq": [
    {
      "question": "How long does it take to see results from Sky Light Business SEO?",
      "answer": "It typically takes 2-3 months to see initial improvements in rankings and traffic. However, significant changes in leads and conversions may take 4-6 months, depending on the competition and SEO strategy."
    },
    {
      "question": "Can you optimize my website for local skylight searches?",
      "answer": "Yes, we specialize in local SEO for skylight businesses, ensuring that your services are visible to local customers who are searching for skylight installation or services in their area."
    },
    {
      "question": "What are the key factors in skylight SEO success?",
      "answer": "Key factors include optimized content, local SEO techniques, visual search optimization, and ensuring your website’s technical structure is SEO-friendly."
    },
    {
      "question": "How do you track success in Sky Light SEO?",
      "answer": "We measure success through metrics such as local search visibility, website traffic, lead generation, conversion rates, and revenue growth from organic search."
    }
  ],
  "testimonials": [
    {
      "quote": "Sky Light SEO helped us increase our visibility and attract more local customers. The improvements in our local search rankings led to a significant boost in leads and conversions.",
      "author": "Rajeev Mehta",
      "position": "CEO",
      "company": "BrightSky Installations"
    }
  ],
  "relatedServices": [
    "Local SEO",
    "Content SEO",
    "Visual Content SEO",
    "Conversion Rate Optimization"
  ]
}
