{
  "name": "Taxi Service",
  "slug": "taxi-service",
  "metaTitle": "Taxi Service SEO Services | Boost Your Taxi Business Visibility",
  "metaDescription": "Specialized SEO strategies for taxi services. Enhance your local visibility, attract more riders, and increase bookings with our proven optimization techniques.",
  "headerImage": "/images/industries/taxi-service-header.jpg",
  "extendedIntro": "<p class='text-lg mb-4'>Our Taxi Service SEO services are specifically designed to enhance the online presence of taxi businesses. With the growing competition in the transportation sector, having strong local visibility is essential for attracting new customers and staying ahead in the market.</p><p class='mb-4'>We combine local SEO strategies with technical optimization and user experience improvements to create custom SEO campaigns that drive targeted traffic, improve search rankings, and maximize booking opportunities for your taxi service.</p><p>Whether you're a local taxi operator or part of a larger fleet, we offer tailored SEO solutions to help you stand out in local searches, reach more potential customers, and grow your taxi service business.</p>",
  "keyPhrases": [
    "Local SEO for taxi services",
    "Taxi business SEO",
    "SEO for transportation services",
    "Taxi booking optimization",
    "Google My Business optimization",
    "Mobile SEO for taxi services"
  ],
  "challenges": [
    "High competition in local searches for taxi services",
    "Adapting to Google’s local search algorithm updates",
    "Optimizing mobile experience for on-the-go users",
    "Managing online reviews and reputation",
    "Balancing SEO with user-friendly booking systems",
    "Difficulty tracking ROI from local SEO efforts"
  ],
  "extendedChallenges": "<p class='mb-4'>Taxi service businesses face unique challenges that require customized SEO strategies:</p><ul class='space-y-3 mb-6'><li class='flex items-start'><svg class='w-5 h-5 text-primary-main mr-2 flex-shrink-0 mt-0.5' fill='none' viewBox='0 0 24 24' stroke='currentColor'><path stroke-linecap='round' stroke-linejoin='round' stroke-width='2' d='M12 9v2m0 4h.01m-6.938 4h13.856c1.54 0 2.502-1.667 1.732-3L13.732 4c-.77-1.333-2.694-1.333-3.464 0L3.34 16c-.77 1.333.192 3 1.732 3z' /></svg><span><strong>Local Search Competition:</strong> Taxi services compete with rideshare apps and local competitors, making local search optimization crucial for visibility.</span></li><li class='flex items-start'><svg class='w-5 h-5 text-primary-main mr-2 flex-shrink-0 mt-0.5' fill='none' viewBox='0 0 24 24' stroke='currentColor'><path stroke-linecap='round' stroke-linejoin='round' stroke-width='2' d='M12 9v2m0 4h.01m-6.938 4h13.856c1.54 0 2.502-1.667 1.732-3L13.732 4c-.77-1.333-2.694-1.333-3.464 0L3.34 16c-.77 1.333.192 3 1.732 3z' /></svg><span><strong>Mobile Optimization:</strong> Taxi businesses rely heavily on mobile traffic, making mobile SEO a critical factor in user engagement and bookings.</span></li><li class='flex items-start'><svg class='w-5 h-5 text-primary-main mr-2 flex-shrink-0 mt-0.5' fill='none' viewBox='0 0 24 24' stroke='currentColor'><path stroke-linecap='round' stroke-linejoin='round' stroke-width='2' d='M12 9v2m0 4h.01m-6.938 4h13.856c1.54 0 2.502-1.667 1.732-3L13.732 4c-.77-1.333-2.694-1.333-3.464 0L3.34 16c-.77 1.333.192 3 1.732 3z' /></svg><span><strong>Online Reviews & Reputation Management:</strong> Managing online reviews from customers and maintaining a positive reputation is essential for attracting more clients.</span></li><li class='flex items-start'><svg class='w-5 h-5 text-primary-main mr-2 flex-shrink-0 mt-0.5' fill='none' viewBox='0 0 24 24' stroke='currentColor'><path stroke-linecap='round' stroke-linejoin='round' stroke-width='2' d='M12 9v2m0 4h.01m-6.938 4h13.856c1.54 0 2.502-1.667 1.732-3L13.732 4c-.77-1.333-2.694-1.333-3.464 0L3.34 16c-.77 1.333.192 3 1.732 3z' /></svg><span><strong>Conversion Optimization:</strong> We ensure that your website is optimized for user-friendly booking, improving conversion rates and maximizing your service's potential.</span></li></ul><p>Our Taxi SEO services address these challenges with customized strategies that ensure higher visibility, increased customer acquisition, and optimized conversions for your taxi business.</p>",
  "extendedApproach": "<p class='mb-6'>Our Taxi Service SEO approach combines local SEO techniques, mobile optimization, and reputation management to create an effective SEO strategy:</p><div class='space-y-6 mb-6'><div class='bg-primary-main/5 p-5 rounded-lg'><h3 class='font-semibold text-xl mb-2'>Local SEO for Taxi Services</h3><p>We optimize your Google My Business profile, local directory listings, and local keywords to ensure your taxi service ranks well in local search results and maps.</p></div><div class='bg-primary-main/5 p-5 rounded-lg'><h3 class='font-semibold text-xl mb-2'>Mobile SEO Optimization</h3><p>With an increasing number of people booking taxis on mobile devices, we optimize your website for mobile users, ensuring a smooth, fast, and engaging experience.</p></div><div class='bg-primary-main/5 p-5 rounded-lg'><h3 class='font-semibold text-xl mb-2'>Reputation Management & Reviews</h3><p>We help manage your online reviews and reputation by encouraging positive customer feedback and addressing negative reviews to maintain trust and credibility.</p></div><div class='bg-primary-main/5 p-5 rounded-lg'><h3 class='font-semibold text-xl mb-2'>Conversion Rate Optimization</h3><p>We enhance your website's booking system to maximize conversions, including streamlining the booking flow, improving call-to-action buttons, and optimizing for lead generation.</p></div></div><p>Our tailored approach ensures that your taxi business stands out in local search results, attracts more riders, and increases bookings across all devices.</p>",
  "marketTrends": [
    {
      "title": "Voice Search for Local Services",
      "description": "With the increasing use of voice assistants, optimizing your website for voice search is becoming crucial for local taxi businesses to capture search traffic."
    },
    {
      "title": "Ride-Hailing Apps Impact",
      "description": "Taxi services need to adapt SEO strategies to compete with ride-hailing giants like Uber and Lyft by emphasizing unique offerings and local service quality."
    },
    {
      "title": "Mobile-First Booking",
      "description": "As mobile searches and bookings dominate, taxi businesses must ensure their websites are fully optimized for mobile devices to provide seamless booking experiences."
    }
  ],
  "statistics": {
    "Average conversion rate increase": "115%",
    "Average organic traffic growth": "140%",
    "Local search ranking improvement": "190%",
    "Booking rate increase from organic search": "160%"
  },
  "strategies": [
    {
      "name": "Local SEO for Taxi Services",
      "description": "We optimize Google My Business, local directories, and local keywords to help your taxi service rank higher in local search results, making it easier for customers to find you."
    },
    {
      "name": "Mobile SEO Optimization",
      "description": "We ensure that your taxi service website is mobile-optimized, delivering fast, responsive, and seamless booking experiences to on-the-go users."
    },
    {
      "name": "Reputation Management & Online Reviews",
      "description": "We implement strategies to manage your online reputation, encouraging satisfied customers to leave positive reviews and improving your overall rating."
    },
    {
      "name": "Conversion Optimization for Taxi Booking",
      "description": "We optimize your website’s booking system to reduce friction, making it easier for users to book rides and increasing conversion rates."
    }
  ],
  "caseStudies": [
    {
      "title": "Taxi Service Increases Bookings by 45%",
      "summary": "We helped a local taxi service improve its online visibility and local search ranking, resulting in a significant increase in booking rates.",
      "results": [
        "45% increase in online bookings",
        "112% growth in local search rankings",
        "36% increase in mobile bookings",
        "87% improvement in customer satisfaction from easier booking process"
      ]
    },
    {
      "title": "Local Taxi Fleet Achieves Top Local Rankings",
      "summary": "Our SEO strategies helped a local fleet of taxis achieve top rankings in local search results, increasing their online presence and boosting customer engagement.",
      "results": [
        "Ranked #1 in local search for 'Taxi Service Near Me'",
        "50% increase in organic traffic",
        "63% increase in bookings from mobile devices",
        "105% growth in online leads"
      ]
    }
  ],
  "faq": [
    {
      "question": "How long does it take to see results from Taxi SEO?",
      "answer": "Most taxi services begin seeing improvements within 2-3 months, with significant traffic increases and bookings occurring within 4-6 months. Highly competitive areas may take 6-9 months to see substantial changes in rankings."
    },
    {
      "question": "Can you optimize our taxi business website for mobile?",
      "answer": "Yes, we specialize in mobile SEO, ensuring your website is optimized for mobile users, providing a smooth booking experience and improving conversion rates."
    },
    {
      "question": "Do you offer reputation management for taxi businesses?",
      "answer": "Yes, we help manage online reviews, encourage positive customer feedback, and provide strategies to address negative reviews, helping you maintain a strong online reputation."
    },
    {
      "question": "How do you track the success of Taxi SEO campaigns?",
      "answer": "We track various KPIs, including local search rankings, website traffic, conversion rates, and booking volumes, providing regular reports to measure the success of our SEO efforts."
    }
  ],
  "testimonials": [
    {
      "quote": "ImmortalSEO’s taxi service SEO strategies helped us rank higher in local searches, bringing in more riders and increasing bookings. The mobile optimization was key to driving traffic.",
      "author": "Ravi Kumar",
      "position": "Owner",
      "company": "Chittor Taxi Service"
    }
  ],
  "relatedServices": [
    "Local SEO",
    "Reputation Management",
    "Mobile Optimization",
    "Conversion Rate Optimization"
  ]
}
