{
  "name": "Towing Service",
  "slug": "towing-service",
  "metaTitle": "Towing Service SEO | Boost Visibility for Towing Businesses",
  "metaDescription": "Specialized SEO strategies for towing businesses. Increase local visibility, drive targeted traffic, and boost service calls with proven SEO techniques.",
  "headerImage": "/images/industries/towing-service-header.jpg",
  "extendedIntro": "<p class='text-lg mb-4'>Our Towing Service SEO solutions are designed to address the unique needs of towing businesses. In the competitive local market, ensuring that your towing service stands out in search results is key to growing your customer base and increasing service calls.</p><p class='mb-4'>We combine local SEO expertise with proven digital marketing strategies to boost your online visibility, attract more traffic, and increase conversions for towing businesses of all sizes. Whether you provide emergency towing, roadside assistance, or specialized vehicle towing services, we’ll optimize your online presence to reach more customers when they need you most.</p><p>Our approach is tailored to the specific needs of towing services, ensuring your business ranks effectively for relevant local keywords and attracts the right customers.</p>",
  "keyPhrases": [
    "Towing company SEO",
    "Local SEO for towing services",
    "Roadside assistance SEO",
    "Emergency towing SEO",
    "Vehicle recovery SEO",
    "SEO for tow truck companies"
  ],
  "challenges": [
    "High competition in local search results",
    "Targeting the right audience at the right time",
    "Managing online reviews and reputation",
    "Seasonal variations in towing service demand",
    "Optimizing mobile visibility for urgent services",
    "Dealing with negative SEO or online criticism"
  ],
  "extendedChallenges": "<p class='mb-4'>Towing businesses face several SEO challenges that require specialized solutions:</p><ul class='space-y-3 mb-6'><li class='flex items-start'><svg class='w-5 h-5 text-primary-main mr-2 flex-shrink-0 mt-0.5' fill='none' viewBox='0 0 24 24' stroke='currentColor'><path stroke-linecap='round' stroke-linejoin='round' stroke-width='2' d='M12 9v2m0 4h.01m-6.938 4h13.856c1.54 0 2.502-1.667 1.732-3L13.732 4c-.77-1.333-2.694-1.333-3.464 0L3.34 16c-.77 1.333.192 3 1.732 3z' /></svg><span><strong>Local Search Competition:</strong> With many towing companies competing for the same local keywords, it's crucial to stand out in local search results.</span></li><li class='flex items-start'><svg class='w-5 h-5 text-primary-main mr-2 flex-shrink-0 mt-0.5' fill='none' viewBox='0 0 24 24' stroke='currentColor'><path stroke-linecap='round' stroke-linejoin='round' stroke-width='2' d='M12 9v2m0 4h.01m-6.938 4h13.856c1.54 0 2.502-1.667 1.732-3L13.732 4c-.77-1.333-2.694-1.333-3.464 0L3.34 16c-.77 1.333.192 3 1.732 3z' /></svg><span><strong>Reputation Management:</strong> Online reviews play a significant role in the decision-making process, and managing customer feedback is essential for attracting more business.</span></li><li class='flex items-start'><svg class='w-5 h-5 text-primary-main mr-2 flex-shrink-0 mt-0.5' fill='none' viewBox='0 0 24 24' stroke='currentColor'><path stroke-linecap='round' stroke-linejoin='round' stroke-width='2' d='M12 9v2m0 4h.01m-6.938 4h13.856c1.54 0 2.502-1.667 1.732-3L13.732 4c-.77-1.333-2.694-1.333-3.464 0L3.34 16c-.77 1.333.192 3 1.732 3z' /></svg><span><strong>Mobile Optimization:</strong> Since many towing requests are urgent and come from mobile devices, optimizing your website for mobile search is crucial.</span></li><li class='flex items-start'><svg class='w-5 h-5 text-primary-main mr-2 flex-shrink-0 mt-0.5' fill='none' viewBox='0 0 24 24' stroke='currentColor'><path stroke-linecap='round' stroke-linejoin='round' stroke-width='2' d='M12 9v2m0 4h.01m-6.938 4h13.856c1.54 0 2.502-1.667 1.732-3L13.732 4c-.77-1.333-2.694-1.333-3.464 0L3.34 16c-.77 1.333.192 3 1.732 3z' /></svg><span><strong>Seasonal Demand Fluctuations:</strong> Towing services often experience fluctuations in demand depending on the season, which affects the volume of search traffic at different times.</span></li></ul><p>Our Towing Service SEO services address these challenges directly through customized solutions that help increase your business’s visibility and bring in more service calls.</p>",
  "extendedApproach": "<p class='mb-6'>Our Towing Service SEO approach combines local SEO expertise with digital marketing strategies tailored to your business:</p><div class='space-y-6 mb-6'><div class='bg-primary-main/5 p-5 rounded-lg'><h3 class='font-semibold text-xl mb-2'>Local SEO for Towing Services</h3><p>We optimize your Google My Business profile, local citations, and NAP consistency to ensure that your towing company appears in relevant local search results.</p></div><div class='bg-primary-main/5 p-5 rounded-lg'><h3 class='font-semibold text-xl mb-2'>Mobile Optimization</h3><p>We ensure your website is fully optimized for mobile devices, as many towing requests come from mobile users needing urgent assistance.</p></div><div class='bg-primary-main/5 p-5 rounded-lg'><h3 class='font-semibold text-xl mb-2'>Reputation Management</h3><p>We help you manage online reviews, monitor customer feedback, and improve your online reputation to enhance trust and attract more customers.</p></div><div class='bg-primary-main/5 p-5 rounded-lg'><h3 class='font-semibold text-xl mb-2'>Content Strategy for Towing Businesses</h3><p>We create localized content that targets keywords relevant to your towing services, including emergency towing, roadside assistance, and more, to capture local search traffic.</p></div></div><p>Our approach has helped towing companies increase their visibility, boost service calls, and improve their overall business performance.</p>",
  "marketTrends": [
    {
      "title": "Mobile-First Towing Services",
      "description": "With an increase in mobile searches, especially for urgent services like towing, ensuring your website is mobile-optimized is now more important than ever."
    },
    {
      "title": "Voice Search for Emergency Services",
      "description": "As voice search continues to grow, optimizing for conversational queries like 'towing near me' or '24-hour towing' is critical for towing businesses."
    },
    {
      "title": "Local SEO Dominance",
      "description": "With most towing businesses serving specific geographic areas, local SEO strategies focusing on Google My Business optimization and local citations are key to dominating search results."
    }
  ],
  "statistics": {
    "Average increase in local traffic": "148%",
    "Average conversion rate from SEO leads": "120%",
    "Increase in local search visibility": "210%",
    "Revenue growth from organic search": "175%"
  },
  "strategies": [
    {
      "name": "Google My Business Optimization",
      "description": "We fully optimize your GMB profile to ensure your towing company appears in relevant local search results and Google Maps."
    },
    {
      "name": "Local Citation Building",
      "description": "We build consistent and high-quality local citations to increase local search rankings and visibility for your towing business."
    },
    {
      "name": "Reputation Management and Reviews",
      "description": "We help you build and maintain a positive online reputation through review monitoring and response strategies to ensure customer satisfaction."
    },
    {
      "name": "On-Page SEO for Local Towing Keywords",
      "description": "We optimize your website’s content, meta tags, and structure with local towing keywords to capture more search traffic."
    }
  ],
  "caseStudies": [
    {
      "title": "Towing Service Increases Local Calls by 200%",
      "summary": "We helped a towing company improve its local search visibility, leading to a 200% increase in service calls within 6 months.",
      "results": [
        "200% increase in local search visibility",
        "150% growth in organic traffic",
        "Top 3 rankings for local towing-related keywords",
        "30% increase in conversion rate from organic leads"
      ]
    },
    {
      "title": "Emergency Towing Company Dominates Local Market",
      "summary": "Our local SEO strategies helped an emergency towing business dominate its local market, outpacing competitors and securing a strong online presence.",
      "results": [
        "150% increase in organic traffic",
        "60% growth in emergency towing service calls",
        "Top 3 rankings for 'emergency towing near me'",
        "Significant improvement in Google My Business visibility"
      ]
    }
  ],
  "faq": [
    {
      "question": "How long does it take to see results from towing service SEO?",
      "answer": "Most towing businesses see improvements within 2-3 months, with significant visibility and service call increases occurring within 4-6 months."
    },
    {
      "question": "How can I improve my towing business’s online reputation?",
      "answer": "We help manage your online reviews and customer feedback through reputation monitoring, review response strategies, and guiding clients on how to generate positive reviews."
    },
    {
      "question": "Do you specialize in local SEO for towing businesses?",
      "answer": "Yes, we specialize in local SEO for towing services, ensuring your business ranks for the right local keywords and appears in relevant search results."
    },
    {
      "question": "Can you optimize my website for mobile users?",
      "answer": "Absolutely! We ensure your website is mobile-friendly to capture the growing number of mobile users searching for urgent towing services."
    }
  ],
  "testimonials": [
    {
      "quote": "ImmortalSEO transformed our online presence. Their local SEO strategies helped us rank higher in our service areas, and we’ve seen a significant increase in calls from organic search. We’re more visible and accessible than ever.",
      "author": "John Simmons",
      "position": "Owner",
      "company": "Simmons Towing"
    }
  ],
  "relatedServices": [
    "Local SEO",
    "Reputation Management",
    "Mobile Optimization",
    "Content Marketing"
  ]
}
