{
  "name": "Yoga Studio",
  "slug": "yoga-studio",
  "metaTitle": "Yoga Studio SEO Services | Improve Your Online Visibility",
  "metaDescription": "Specialized SEO strategies for yoga studios. Increase visibility, attract more clients, and grow your business with tailored SEO solutions for the wellness industry.",
  "headerImage": "/images/industries/yoga-studio-header.jpg",
  "extendedIntro": "<p class='text-lg mb-4'>Our Yoga Studio SEO services are crafted to address the unique needs of yoga studios in a competitive digital landscape. As more individuals turn to online searches to find local wellness services, enhancing your studio’s visibility is crucial for attracting new clients and retaining existing ones.</p><p class='mb-4'>We combine technical SEO, local search optimization, and content strategies to create campaigns that increase your online presence, drive organic traffic, and improve your bookings.</p><p>Our tailored approach is designed for yoga studios, health centers, and wellness brands, ensuring that your studio ranks effectively for locally-targeted, high-intent keywords.</p>",
  "keyPhrases": [
    "Local yoga studio SEO",
    "Yoga class optimization",
    "SEO for wellness centers",
    "Google My Business for yoga studios",
    "Yoga studio website SEO",
    "Yoga SEO content strategy"
  ],
  "challenges": [
    "High competition in local search results",
    "Appealing to a wide demographic (age, fitness level)",
    "Optimizing for diverse yoga services and styles",
    "Managing customer reviews and local listings",
    "Seasonal fluctuations in client bookings",
    "Balancing SEO needs with business goals"
  ],
  "extendedChallenges": "<p class='mb-4'>Yoga studios face specific SEO challenges that require specialized strategies:</p><ul class='space-y-3 mb-6'><li class='flex items-start'><svg class='w-5 h-5 text-primary-main mr-2 flex-shrink-0 mt-0.5' fill='none' viewBox='0 0 24 24' stroke='currentColor'><path stroke-linecap='round' stroke-linejoin='round' stroke-width='2' d='M12 9v2m0 4h.01m-6.938 4h13.856c1.54 0 2.502-1.667 1.732-3L13.732 4c-.77-1.333-2.694-1.333-3.464 0L3.34 16c-.77 1.333.192 3 1.732 3z' /></svg><span><strong>Local Search Competition:</strong> The wellness sector is competitive, with many yoga studios vying for visibility in local search results, requiring a targeted local SEO approach.</span></li><li class='flex items-start'><svg class='w-5 h-5 text-primary-main mr-2 flex-shrink-0 mt-0.5' fill='none' viewBox='0 0 24 24' stroke='currentColor'><path stroke-linecap='round' stroke-linejoin='round' stroke-width='2' d='M12 9v2m0 4h.01m-6.938 4h13.856c1.54 0 2.502-1.667 1.732-3L13.732 4c-.77-1.333-2.694-1.333-3.464 0L3.34 16c-.77 1.333.192 3 1.732 3z' /></svg><span><strong>Demographic Appeal:</strong> Yoga studios must appeal to a diverse audience, including people of different ages, fitness levels, and wellness interests.</span></li><li class='flex items-start'><svg class='w-5 h-5 text-primary-main mr-2 flex-shrink-0 mt-0.5' fill='none' viewBox='0 0 24 24' stroke='currentColor'><path stroke-linecap='round' stroke-linejoin='round' stroke-width='2' d='M12 9v2m0 4h.01m-6.938 4h13.856c1.54 0 2.502-1.667 1.732-3L13.732 4c-.77-1.333-2.694-1.333-3.464 0L3.34 16c-.77 1.333.192 3 1.732 3z' /></svg><span><strong>Managing Reviews:</strong> Reputation management through customer reviews and ratings on Google My Business can significantly impact a studio’s local SEO performance.</span></li></ul><p>Our Yoga Studio SEO services are designed to overcome these challenges through strategies that target local keywords, improve online visibility, and convert site visitors into loyal clients.</p>",
  "extendedApproach": "<p class='mb-6'>Our Yoga Studio SEO approach focuses on increasing visibility, driving relevant traffic, and improving conversions:</p><div class='space-y-6 mb-6'><div class='bg-primary-main/5 p-5 rounded-lg'><h3 class='font-semibold text-xl mb-2'>Local SEO Optimization</h3><p>We focus on optimizing your presence in local search results, including Google My Business optimization, local keyword targeting, and building citations from reputable wellness directories.</p></div><div class='bg-primary-main/5 p-5 rounded-lg'><h3 class='font-semibold text-xl mb-2'>On-Page SEO for Yoga Studios</h3><p>We optimize your website’s content, including class schedules, instructor bios, and yoga-related keywords, to ensure your site ranks highly in relevant local search queries.</p></div><div class='bg-primary-main/5 p-5 rounded-lg'><h3 class='font-semibold text-xl mb-2'>Content Strategy for Wellness</h3><p>We develop compelling content, including blog posts on yoga techniques, health tips, and client success stories, to engage visitors and improve your website's search ranking.</p></div><div class='bg-primary-main/5 p-5 rounded-lg'><h3 class='font-semibold text-xl mb-2'>Conversion Rate Optimization</h3><p>We align SEO strategies with conversion optimization to ensure your website not only attracts traffic but also converts visitors into clients through clear CTAs and easy booking systems.</p></div></div><p>Our approach has helped yoga studios grow their online presence, increase bookings, and improve client retention rates.</p>",
  "marketTrends": [
    {
      "title": "The Rise of Virtual Yoga Classes",
      "description": "With the increasing popularity of virtual yoga, optimizing your online presence for video-based content and streaming platforms is essential for staying competitive."
    },
    {
      "title": "Mobile Search Dominance",
      "description": "With more people using mobile devices to find services, ensuring your yoga studio’s website is mobile-optimized and fast-loading is crucial for better SEO performance."
    },
    {
      "title": "Local Search Optimization",
      "description": "Local SEO continues to be a significant driver of business for yoga studios. Optimizing for local searches through Google My Business and local keywords can dramatically improve visibility."
    }
  ],
  "statistics": {
    "Average conversion rate increase": "35%",
    "Average organic traffic growth": "50%",
    "Client retention rate improvement": "45%",
    "Revenue growth from SEO": "60%"
  },
  "strategies": [
    {
      "name": "Local SEO for Yoga Studios",
      "description": "We optimize your Google My Business profile, local reviews, and create location-specific content to attract more clients from your local area."
    },
    {
      "name": "On-Page SEO for Yoga Class Pages",
      "description": "We optimize individual class pages with targeted keywords, schedules, and booking options to make sure your classes are easy to find and book."
    },
    {
      "name": "Content Strategy for Wellness and Yoga",
      "description": "We produce high-quality blog posts, videos, and social media content that provides value to your audience, improving engagement and search rankings."
    },
    {
      "name": "Conversion Rate Optimization",
      "description": "We focus on improving the user experience by optimizing your website's design, CTAs, and booking system to increase conversions and reduce bounce rates."
    }
  ],
  "caseStudies": [
    {
      "title": "Yoga Studio Boosts Local Clientele by 50%",
      "summary": "By optimizing their local SEO and enhancing their online presence, a yoga studio saw a 50% increase in new client sign-ups and improved online visibility.",
      "results": [
        "50% increase in local client bookings",
        "30% higher conversion rate from organic traffic",
        "Top 3 rankings for multiple local yoga-related keywords"
      ]
    },
    {
      "title": "Wellness Center Increases Online Bookings by 60%",
      "summary": "After implementing a full-scale SEO strategy, a wellness center experienced a 60% increase in online bookings and a significant boost in organic traffic.",
      "results": [
        "60% increase in online bookings",
        "55% growth in organic search traffic",
        "Improved local search rankings for targeted keywords"
      ]
    }
  ],
  "faq": [
    {
      "question": "How long will it take to see results from Yoga Studio SEO?",
      "answer": "Yoga studios can typically see measurable improvements within 3-6 months, with significant increases in local visibility, traffic, and client bookings within 6-9 months."
    },
    {
      "question": "How do you optimize for local search for yoga studios?",
      "answer": "We optimize your Google My Business profile, collect local reviews, target location-based keywords, and create location-specific content to enhance your studio’s visibility in local search results."
    },
    {
      "question": "Do you optimize for yoga studios offering virtual classes?",
      "answer": "Yes, we specialize in optimizing for virtual classes, ensuring your online presence is strong across video platforms, live streaming, and search queries related to online yoga classes."
    },
    {
      "question": "What can I expect from your SEO services for my yoga studio?",
      "answer": "Our SEO services include on-page optimization, local SEO, content creation, and conversion optimization. We aim to increase visibility, attract more clients, and improve retention through targeted strategies."
    }
  ],
  "testimonials": [
    {
      "quote": "ImmortalSEO helped us increase our online visibility, and our client base grew significantly. The team tailored SEO strategies to our yoga studio, focusing on local optimization, which resulted in a noticeable boost in local bookings.",
      "author": "Maya Verma",
      "position": "Owner",
      "company": "Soul Flow Yoga"
    }
  ],
  "relatedServices": [
    "Local SEO",
    "Content SEO",
    "Video SEO",
    "Conversion Optimization"
  ]
}
